INFO 2026-07-14 08:29:13,496 autoreload 13276 13172 Watching for file changes with StatReloader
INFO 2026-07-14 11:32:15,039 autoreload 13276 13172 C:\Users\Tavonga\Documents\Projects\NeighbourShare\backend\neighbourshare\settings.py changed, reloading.
INFO 2026-07-14 11:32:29,755 autoreload 26004 11860 Watching for file changes with StatReloader
INFO 2026-07-14 11:42:56,386 autoreload 26004 11860 C:\Users\Tavonga\AppData\Local\Packages\PythonSoftwareFoundation.Python.3.9_qbz5n2kfra8p0\LocalCache\local-packages\Python39\site-packages\django\conf\locale\__init__.py changed, reloading.
INFO 2026-07-14 12:33:18,852 autoreload 17732 16136 Watching for file changes with StatReloader
INFO 2026-07-14 12:48:15,531 autoreload 15708 11992 Watching for file changes with StatReloader
INFO 2026-07-16 08:47:24,296 autoreload 21824 21944 Watching for file changes with StatReloader
INFO 2026-07-16 08:48:38,333 basehttp 21824 14956 "GET /api/items/search?lat=-17.7833&lng=31.05&radius_km=5&sort=distance HTTP/1.1" 301 0
INFO 2026-07-16 08:48:38,355 basehttp 21824 2680 "GET /api/items/search/?lat=-17.7833&lng=31.05&radius_km=5&sort=distance HTTP/1.1" 200 127
INFO 2026-07-16 08:48:52,356 basehttp 21824 2680 "GET /api/items/search?lat=-17.797563713122937&lng=31.008768312516835&radius_km=5&sort=distance HTTP/1.1" 301 0
INFO 2026-07-16 08:48:52,718 basehttp 21824 20044 "GET /api/items/search/?lat=-17.797563713122937&lng=31.008768312516835&radius_km=5&sort=distance HTTP/1.1" 200 151
INFO 2026-07-16 08:48:52,756 basehttp 21824 20044 "GET /api/items/search?lat=-17.826164483039296&lng=30.92657135403753&radius_km=5&sort=distance HTTP/1.1" 301 0
INFO 2026-07-16 08:48:52,964 basehttp 21824 21072 "GET /api/items/search/?lat=-17.826164483039296&lng=30.92657135403753&radius_km=5&sort=distance HTTP/1.1" 200 150
INFO 2026-07-16 08:48:53,356 basehttp 21824 21072 "GET /api/items/search?lat=-17.797563713122937&lng=31.008853450649976&radius_km=5&sort=distance HTTP/1.1" 301 0
INFO 2026-07-16 08:48:53,392 basehttp 21824 8316 "GET /api/items/search/?lat=-17.797563713122937&lng=31.008853450649976&radius_km=5&sort=distance HTTP/1.1" 200 151
INFO 2026-07-16 08:48:53,634 basehttp 21824 8316 "GET /api/items/search?lat=-17.783261608815994&lng=31.05008102219997&radius_km=5&sort=distance HTTP/1.1" 301 0
INFO 2026-07-16 08:48:53,650 basehttp 21824 7832 "GET /api/items/search/?lat=-17.783261608815994&lng=31.05008102219997&radius_km=5&sort=distance HTTP/1.1" 200 150
INFO 2026-07-16 08:48:54,065 basehttp 21824 7832 "GET /api/items/search?lat=-17.776110127175002&lng=31.070694807974988&radius_km=5&sort=distance HTTP/1.1" 301 0
INFO 2026-07-16 08:48:54,403 basehttp 21824 19440 "GET /api/items/search/?lat=-17.776110127175002&lng=31.070694807974988&radius_km=5&sort=distance HTTP/1.1" 200 151
INFO 2026-07-16 08:48:56,375 basehttp 21824 19440 "GET /api/items/search?lat=-17.776539224145054&lng=31.07151911039387&radius_km=5&sort=distance HTTP/1.1" 301 0
INFO 2026-07-16 08:48:56,473 basehttp 21824 20208 "GET /api/items/search/?lat=-17.776539224145054&lng=31.07151911039387&radius_km=5&sort=distance HTTP/1.1" 200 150
INFO 2026-07-16 08:48:56,671 basehttp 21824 20208 "GET /api/items/search?lat=-17.776753772243726&lng=31.0719295609953&radius_km=5&sort=distance HTTP/1.1" 301 0
INFO 2026-07-16 08:48:56,995 basehttp 21824 19336 "GET /api/items/search/?lat=-17.776753772243726&lng=31.0719295609953&radius_km=5&sort=distance HTTP/1.1" 200 149
INFO 2026-07-16 08:49:00,607 basehttp 21824 19336 "GET /api/items/search?lat=-17.76888684021901&lng=31.059639274336547&radius_km=5&sort=distance HTTP/1.1" 301 0
INFO 2026-07-16 08:49:00,624 basehttp 21824 12324 "GET /api/items/search/?lat=-17.76888684021901&lng=31.059639274336547&radius_km=5&sort=distance HTTP/1.1" 200 150
INFO 2026-07-16 08:49:03,409 basehttp 21824 12324 "GET /api/items/search?lat=-17.763553476421666&lng=31.054769256154703&radius_km=5&sort=distance HTTP/1.1" 301 0
INFO 2026-07-16 08:49:03,751 basehttp 21824 13860 "GET /api/items/search/?lat=-17.763553476421666&lng=31.054769256154703&radius_km=5&sort=distance HTTP/1.1" 200 151
INFO 2026-07-16 08:49:06,531 basehttp 21824 13860 "GET /api/items/search?lat=-17.75591075450805&lng=31.04691715635494&radius_km=5&sort=distance HTTP/1.1" 301 0
INFO 2026-07-16 08:49:06,596 basehttp 21824 21212 "GET /api/items/search/?lat=-17.75591075450805&lng=31.04691715635494&radius_km=5&sort=distance HTTP/1.1" 200 149
INFO 2026-07-16 08:49:09,466 basehttp 21824 21212 "GET /api/items/search?lat=-17.746918899007436&lng=31.045136488914&radius_km=5&sort=distance HTTP/1.1" 301 0
INFO 2026-07-16 08:49:09,796 basehttp 21824 11404 "GET /api/items/search/?lat=-17.746918899007436&lng=31.045136488914&radius_km=5&sort=distance HTTP/1.1" 200 148
INFO 2026-07-16 08:49:18,801 basehttp 21824 11404 "GET /api/items/search?lat=-17.747981596377752&lng=31.04726041754837&radius_km=5&sort=distance HTTP/1.1" 301 0
INFO 2026-07-16 08:49:18,827 basehttp 21824 5172 "GET /api/items/search/?lat=-17.747981596377752&lng=31.04726041754837&radius_km=5&sort=distance HTTP/1.1" 200 150
INFO 2026-07-16 08:49:20,818 basehttp 21824 5172 "GET /api/items/search?lat=-17.756421641824545&lng=31.043977982386128&radius_km=5&sort=distance HTTP/1.1" 301 0
INFO 2026-07-16 08:49:21,179 basehttp 21824 18756 "GET /api/items/search/?lat=-17.756421641824545&lng=31.043977982386128&radius_km=5&sort=distance HTTP/1.1" 200 151
INFO 2026-07-16 08:49:23,803 basehttp 21824 18756 "GET /api/items/search?lat=-17.763246956427423&lng=31.043205644700922&radius_km=5&sort=distance HTTP/1.1" 301 0
INFO 2026-07-16 08:49:23,856 basehttp 21824 10608 "GET /api/items/search/?lat=-17.763246956427423&lng=31.043205644700922&radius_km=5&sort=distance HTTP/1.1" 200 151
INFO 2026-07-16 08:49:25,517 basehttp 21824 10608 "GET /api/items/search?lat=-17.7716658479652&lng=31.04783967081228&radius_km=5&sort=distance HTTP/1.1" 301 0
INFO 2026-07-16 08:49:25,856 basehttp 21824 14404 "GET /api/items/search/?lat=-17.7716658479652&lng=31.04783967081228&radius_km=5&sort=distance HTTP/1.1" 200 148
INFO 2026-07-16 08:49:27,284 basehttp 21824 14404 "GET /api/items/search?lat=-17.77699896975536&lng=31.05146536716791&radius_km=5&sort=distance HTTP/1.1" 301 0
INFO 2026-07-16 08:49:27,304 basehttp 21824 22088 "GET /api/items/search/?lat=-17.77699896975536&lng=31.05146536716791&radius_km=5&sort=distance HTTP/1.1" 200 149
INFO 2026-07-16 08:49:29,243 basehttp 21824 22088 "GET /api/items/search?lat=-17.784661222441528&lng=31.051014836851536&radius_km=5&sort=distance HTTP/1.1" 301 0
INFO 2026-07-16 08:49:29,585 basehttp 21824 22444 "GET /api/items/search/?lat=-17.784661222441528&lng=31.051014836851536&radius_km=5&sort=distance HTTP/1.1" 200 151
INFO 2026-07-16 08:49:31,494 basehttp 21824 22444 "GET /api/items/search?lat=-17.785238432166086&lng=31.051667420180554&radius_km=5&sort=distance HTTP/1.1" 301 0
INFO 2026-07-16 08:49:31,621 basehttp 21824 18548 "GET /api/items/search/?lat=-17.785238432166086&lng=31.051667420180554&radius_km=5&sort=distance HTTP/1.1" 200 151
INFO 2026-07-16 08:49:31,784 basehttp 21824 18548 "GET /api/items/search?lat=-17.785527036328865&lng=31.05199371184504&radius_km=5&sort=distance HTTP/1.1" 301 0
INFO 2026-07-16 08:49:32,120 basehttp 21824 21960 "GET /api/items/search/?lat=-17.785527036328865&lng=31.05199371184504&radius_km=5&sort=distance HTTP/1.1" 200 150
INFO 2026-07-16 08:50:01,161 basehttp 21824 21960 "GET /api/items/search?lat=-17.78681425629679&lng=31.051708459854126&radius_km=5&sort=distance HTTP/1.1" 301 0
INFO 2026-07-16 08:50:01,179 basehttp 21824 19652 "GET /api/items/search/?lat=-17.78681425629679&lng=31.051708459854126&radius_km=5&sort=distance HTTP/1.1" 200 150
INFO 2026-07-16 08:50:05,014 basehttp 21824 19652 "GET /api/items/search?lat=-17.787128397856826&lng=31.050099134445194&radius_km=5&sort=distance HTTP/1.1" 301 0
INFO 2026-07-16 08:50:05,382 basehttp 21824 22392 "GET /api/items/search/?lat=-17.787128397856826&lng=31.050099134445194&radius_km=5&sort=distance HTTP/1.1" 200 151
INFO 2026-07-16 08:50:05,438 basehttp 21824 22392 "GET /api/items/search?lat=-17.787746463378134&lng=31.046869754791263&radius_km=5&sort=distance HTTP/1.1" 301 0
INFO 2026-07-16 08:50:05,620 basehttp 21824 21012 "GET /api/items/search/?lat=-17.787746463378134&lng=31.046869754791263&radius_km=5&sort=distance HTTP/1.1" 200 151
INFO 2026-07-16 08:56:05,433 basehttp 21824 7468 "OPTIONS /api/auth/register HTTP/1.1" 200 0
INFO 2026-07-16 08:56:06,015 basehttp 21824 7468 "POST /api/auth/register HTTP/1.1" 201 70
INFO 2026-07-16 08:57:12,992 basehttp 21824 7468 "OPTIONS /api/auth/verify-id HTTP/1.1" 200 0
WARNING 2026-07-16 08:57:13,060 log 21824 7468 Bad Request: /api/auth/verify-id
WARNING 2026-07-16 08:57:13,064 basehttp 21824 7468 "POST /api/auth/verify-id HTTP/1.1" 400 149
WARNING 2026-07-16 08:57:40,192 log 21824 7468 Bad Request: /api/auth/verify-id
WARNING 2026-07-16 08:57:40,205 basehttp 21824 7468 "POST /api/auth/verify-id HTTP/1.1" 400 149
WARNING 2026-07-16 08:57:41,248 log 21824 7468 Bad Request: /api/auth/verify-id
WARNING 2026-07-16 08:57:41,253 basehttp 21824 7468 "POST /api/auth/verify-id HTTP/1.1" 400 149
INFO 2026-07-16 08:58:37,609 basehttp 21824 7468 "POST /api/auth/register HTTP/1.1" 201 70
WARNING 2026-07-16 08:59:10,650 log 21824 7468 Bad Request: /api/auth/verify-id
WARNING 2026-07-16 08:59:10,653 basehttp 21824 7468 "POST /api/auth/verify-id HTTP/1.1" 400 149
WARNING 2026-07-16 09:04:21,287 log 21824 20344 Bad Request: /api/auth/register
WARNING 2026-07-16 09:04:21,288 basehttp 21824 20344 "POST /api/auth/register HTTP/1.1" 400 115
WARNING 2026-07-16 09:13:42,932 log 21824 11708 Unauthorized: /api/items/categories/
WARNING 2026-07-16 09:13:42,936 basehttp 21824 11708 "GET /api/items/categories/ HTTP/1.1" 401 149
WARNING 2026-07-16 09:13:42,967 log 21824 320 Unauthorized: /api/items/categories/
INFO 2026-07-16 09:13:42,967 basehttp 21824 11708 "GET /api/items/search/?lat=-17.7833&lng=31.05&radius_km=5&sort=distance HTTP/1.1" 200 127
WARNING 2026-07-16 09:13:42,981 basehttp 21824 320 "GET /api/items/categories/ HTTP/1.1" 401 149
INFO 2026-07-16 09:13:43,052 basehttp 21824 11708 "GET /api/items/search/?lat=-17.7833&lng=31.05&radius_km=5&sort=distance HTTP/1.1" 200 127
WARNING 2026-07-16 09:13:47,097 log 21824 11708 Unauthorized: /api/items/categories/
WARNING 2026-07-16 09:13:47,102 basehttp 21824 11708 "GET /api/items/categories/ HTTP/1.1" 401 149
WARNING 2026-07-16 09:13:47,222 log 21824 11708 Unauthorized: /api/items/categories/
WARNING 2026-07-16 09:13:47,226 basehttp 21824 11708 "GET /api/items/categories/ HTTP/1.1" 401 149
INFO 2026-07-16 09:13:47,240 basehttp 21824 320 "GET /api/items/search/?lat=-17.7833&lng=31.05&radius_km=5&sort=distance HTTP/1.1" 200 127
INFO 2026-07-16 09:13:47,275 basehttp 21824 320 "GET /api/items/search/?lat=-17.7833&lng=31.05&radius_km=5&sort=distance HTTP/1.1" 200 127
WARNING 2026-07-16 09:13:53,392 log 21824 320 Unauthorized: /api/items/categories/
WARNING 2026-07-16 09:13:53,422 basehttp 21824 320 "GET /api/items/categories/ HTTP/1.1" 401 149
WARNING 2026-07-16 09:13:53,442 log 21824 320 Unauthorized: /api/items/categories/
INFO 2026-07-16 09:13:53,451 basehttp 21824 11708 "GET /api/items/search/?lat=-17.7833&lng=31.05&radius_km=5&sort=distance HTTP/1.1" 200 127
WARNING 2026-07-16 09:13:53,459 basehttp 21824 320 "GET /api/items/categories/ HTTP/1.1" 401 149
INFO 2026-07-16 09:13:53,495 basehttp 21824 19108 "GET /api/items/search/?lat=-17.7833&lng=31.05&radius_km=5&sort=distance HTTP/1.1" 200 127
WARNING 2026-07-16 09:14:04,568 log 21824 19108 Unauthorized: /api/items/categories/
WARNING 2026-07-16 09:14:04,571 basehttp 21824 19108 "GET /api/items/categories/ HTTP/1.1" 401 149
WARNING 2026-07-16 09:14:04,592 log 21824 19108 Unauthorized: /api/items/categories/
WARNING 2026-07-16 09:14:04,608 basehttp 21824 19108 "GET /api/items/categories/ HTTP/1.1" 401 149
INFO 2026-07-16 09:14:04,617 basehttp 21824 320 "GET /api/items/search/?lat=-17.7833&lng=31.05&radius_km=5&sort=distance HTTP/1.1" 200 127
INFO 2026-07-16 09:14:04,664 basehttp 21824 320 "GET /api/items/search/?lat=-17.7833&lng=31.05&radius_km=5&sort=distance HTTP/1.1" 200 127
INFO 2026-07-16 21:39:04,408 autoreload 10404 18696 Watching for file changes with StatReloader
INFO 2026-07-16 21:40:08,428 autoreload 18428 17412 Watching for file changes with StatReloader
WARNING 2026-07-16 21:40:26,538 log 10404 3648 Unauthorized: /api/items/categories/
INFO 2026-07-16 21:40:26,538 basehttp 10404 7556 "GET /api/items/search/?lat=-17.7833&lng=31.05&radius_km=5&sort=distance HTTP/1.1" 200 127
WARNING 2026-07-16 21:40:26,541 basehttp 10404 3648 "GET /api/items/categories/ HTTP/1.1" 401 149
WARNING 2026-07-16 21:40:26,771 log 10404 3648 Unauthorized: /api/items/categories/
INFO 2026-07-16 21:40:26,782 basehttp 10404 3648 - Broken pipe from ('127.0.0.1', 62271)
INFO 2026-07-16 21:40:26,791 basehttp 10404 7556 - Broken pipe from ('127.0.0.1', 54847)
INFO 2026-07-16 21:41:45,390 autoreload 20204 20208 Watching for file changes with StatReloader
WARNING 2026-07-16 21:41:53,423 log 10404 19896 Unauthorized: /api/items/categories/
WARNING 2026-07-16 21:41:53,431 basehttp 10404 19896 "GET /api/items/categories/ HTTP/1.1" 401 149
INFO 2026-07-16 21:41:53,485 basehttp 10404 19896 "GET /api/items/search/?lat=-17.7833&lng=31.05&radius_km=5&sort=distance HTTP/1.1" 200 127
WARNING 2026-07-16 21:41:53,542 log 10404 15220 Unauthorized: /api/items/categories/
INFO 2026-07-16 21:41:53,579 basehttp 10404 19896 "GET /api/items/search/?lat=-17.7833&lng=31.05&radius_km=5&sort=distance HTTP/1.1" 200 127
WARNING 2026-07-16 21:41:53,592 basehttp 10404 15220 "GET /api/items/categories/ HTTP/1.1" 401 149
WARNING 2026-07-16 21:42:15,956 log 10404 15220 Unauthorized: /api/items/categories/
WARNING 2026-07-16 21:42:15,962 basehttp 10404 15220 "GET /api/items/categories/ HTTP/1.1" 401 149
WARNING 2026-07-16 21:42:15,980 log 10404 15220 Unauthorized: /api/items/categories/
WARNING 2026-07-16 21:42:15,984 basehttp 10404 15220 "GET /api/items/categories/ HTTP/1.1" 401 149
INFO 2026-07-16 21:42:17,179 basehttp 10404 19896 "GET /api/items/search?lat=-17.7833&lng=31.05&radius_km=5&sort=distance HTTP/1.1" 301 0
WARNING 2026-07-16 21:44:46,570 log 10404 15220 Unauthorized: /api/items/categories/
WARNING 2026-07-16 21:44:46,573 basehttp 10404 15220 "GET /api/items/categories/ HTTP/1.1" 401 149
WARNING 2026-07-16 21:44:46,586 log 10404 15220 Unauthorized: /api/items/categories/
WARNING 2026-07-16 21:44:46,589 basehttp 10404 15220 "GET /api/items/categories/ HTTP/1.1" 401 149
WARNING 2026-07-16 21:45:02,164 log 10404 15220 Unauthorized: /api/items/categories/
WARNING 2026-07-16 21:45:02,180 basehttp 10404 15220 "GET /api/items/categories/ HTTP/1.1" 401 149
INFO 2026-07-16 21:45:02,276 basehttp 10404 15220 "GET /api/items/search?lat=-17.7833&lng=31.05&radius_km=5&sort=distance HTTP/1.1" 301 0
WARNING 2026-07-16 21:45:02,456 log 10404 20248 Unauthorized: /api/items/categories/
WARNING 2026-07-16 21:45:02,459 basehttp 10404 20248 "GET /api/items/categories/ HTTP/1.1" 401 149
INFO 2026-07-16 21:45:02,489 basehttp 10404 20248 "GET /api/items/search/?lat=-17.7833&lng=31.05&radius_km=5&sort=distance HTTP/1.1" 200 127
INFO 2026-07-16 21:45:02,557 basehttp 10404 20248 "GET /api/items/search/?lat=-17.7833&lng=31.05&radius_km=5&sort=distance HTTP/1.1" 200 127
INFO 2026-07-16 21:45:58,388 basehttp 10404 20248 "OPTIONS /api/auth/register HTTP/1.1" 200 0
WARNING 2026-07-16 21:45:58,411 log 10404 20248 Bad Request: /api/auth/register
WARNING 2026-07-16 21:45:58,414 basehttp 10404 20248 "POST /api/auth/register HTTP/1.1" 400 115
INFO 2026-07-16 21:47:20,557 autoreload 10404 18696 C:\Users\Tavonga\Documents\Projects\NeighbourShare\backend\users\views.py changed, reloading.
INFO 2026-07-16 21:47:20,801 autoreload 20204 20208 C:\Users\Tavonga\Documents\Projects\NeighbourShare\backend\users\views.py changed, reloading.
INFO 2026-07-16 21:47:21,497 autoreload 18428 17412 C:\Users\Tavonga\Documents\Projects\NeighbourShare\backend\users\views.py changed, reloading.
INFO 2026-07-16 21:47:30,490 autoreload 18480 12740 Watching for file changes with StatReloader
INFO 2026-07-16 21:47:30,490 autoreload 12712 12948 Watching for file changes with StatReloader
INFO 2026-07-16 21:47:30,492 autoreload 19284 20728 Watching for file changes with StatReloader
INFO 2026-07-16 21:48:48,125 basehttp 19284 19348 "GET /api/items/search?lat=-17.7833&lng=31.05&radius_km=5&sort=distance HTTP/1.1" 301 0
INFO 2026-07-16 21:48:51,090 basehttp 19284 21232 "GET /api/items/search?lat=-17.812436685949947&lng=30.761148269103398&radius_km=5&sort=distance HTTP/1.1" 301 0
INFO 2026-07-16 21:48:51,684 basehttp 19284 13260 "GET /api/items/search?lat=-17.82518396116927&lng=29.605872373288513&radius_km=5&sort=distance HTTP/1.1" 301 0
INFO 2026-07-16 21:48:52,447 basehttp 19284 9644 "GET /api/items/search?lat=-17.70911751486599&lng=30.760567446047432&radius_km=5&sort=distance HTTP/1.1" 301 0
WARNING 2026-07-16 21:49:04,687 log 19284 20500 Unauthorized: /api/items/categories/
WARNING 2026-07-16 21:49:04,701 basehttp 19284 20500 "GET /api/items/categories/ HTTP/1.1" 401 149
WARNING 2026-07-16 21:49:04,732 log 19284 20500 Unauthorized: /api/items/categories/
WARNING 2026-07-16 21:49:04,756 basehttp 19284 20500 "GET /api/items/categories/ HTTP/1.1" 401 149
WARNING 2026-07-16 21:49:22,634 log 19284 20224 Not Found: /
WARNING 2026-07-16 21:49:22,663 basehttp 19284 20224 "GET / HTTP/1.1" 404 3008
WARNING 2026-07-16 21:49:23,303 log 19284 20224 Not Found: /favicon.ico
WARNING 2026-07-16 21:49:23,332 basehttp 19284 20224 "GET /favicon.ico HTTP/1.1" 404 3059
WARNING 2026-07-16 21:49:29,797 log 19284 20500 Unauthorized: /api/items/categories/
WARNING 2026-07-16 21:49:29,823 basehttp 19284 20500 "GET /api/items/categories/ HTTP/1.1" 401 149
WARNING 2026-07-16 21:49:29,845 log 19284 20500 Unauthorized: /api/items/categories/
WARNING 2026-07-16 21:49:29,899 basehttp 19284 20500 "GET /api/items/categories/ HTTP/1.1" 401 149
INFO 2026-07-16 21:50:04,590 basehttp 19284 20500 "OPTIONS /api/auth/register HTTP/1.1" 200 0
WARNING 2026-07-16 21:50:52,106 log 19284 20500 Unauthorized: /api/items/categories/
WARNING 2026-07-16 21:50:52,109 basehttp 19284 20500 "GET /api/items/categories/ HTTP/1.1" 401 149
WARNING 2026-07-16 21:50:52,119 log 19284 20500 Unauthorized: /api/items/categories/
WARNING 2026-07-16 21:50:52,123 basehttp 19284 20500 "GET /api/items/categories/ HTTP/1.1" 401 149
INFO 2026-07-16 21:51:06,907 autoreload 21204 7624 Watching for file changes with StatReloader
INFO 2026-07-16 21:51:10,425 basehttp 19284 20500 "GET /api/items/search?lat=-17.7833&lng=31.05&radius_km=5&sort=distance HTTP/1.1" 301 0
WARNING 2026-07-16 21:51:10,688 log 19284 21376 Unauthorized: /api/items/categories/
WARNING 2026-07-16 21:51:10,692 basehttp 19284 21376 "GET /api/items/categories/ HTTP/1.1" 401 149
INFO 2026-07-16 21:51:10,758 basehttp 19284 21376 "GET /api/items/search/?lat=-17.7833&lng=31.05&radius_km=5&sort=distance HTTP/1.1" 200 127
WARNING 2026-07-16 21:51:10,775 log 19284 14888 Unauthorized: /api/items/categories/
WARNING 2026-07-16 21:51:10,794 basehttp 19284 14888 "GET /api/items/categories/ HTTP/1.1" 401 149
INFO 2026-07-16 21:51:10,806 basehttp 19284 21376 "GET /api/items/search/?lat=-17.7833&lng=31.05&radius_km=5&sort=distance HTTP/1.1" 200 127
INFO 2026-07-16 21:51:29,490 basehttp 19284 21376 "GET /api/items/search?lat=-17.825919353077644&lng=31.064183541431802&radius_km=5&sort=distance HTTP/1.1" 301 0
INFO 2026-07-16 21:51:29,511 basehttp 19284 14888 "GET /api/items/search/?lat=-17.825919353077644&lng=31.064183541431802&radius_km=5&sort=distance HTTP/1.1" 200 151
INFO 2026-07-16 21:51:37,238 basehttp 19284 14888 "GET /api/items/search?lat=-17.801404654524926&lng=31.035518646240238&radius_km=5&sort=distance HTTP/1.1" 301 0
INFO 2026-07-16 21:51:37,261 basehttp 19284 18104 "GET /api/items/search/?lat=-17.801404654524926&lng=31.035518646240238&radius_km=5&sort=distance HTTP/1.1" 200 151
INFO 2026-07-16 21:51:42,914 basehttp 19284 18104 "GET /api/items/search?lat=-17.799279888646595&lng=31.006856336588488&radius_km=5&sort=distance HTTP/1.1" 301 0
INFO 2026-07-16 21:51:43,240 basehttp 19284 14856 "GET /api/items/search/?lat=-17.799279888646595&lng=31.006856336588488&radius_km=5&sort=distance HTTP/1.1" 200 151
INFO 2026-07-16 21:51:47,707 basehttp 19284 14856 "GET /api/items/search?lat=-17.799320749767443&lng=31.006853766438798&radius_km=5&sort=distance HTTP/1.1" 301 0
INFO 2026-07-16 21:51:47,721 basehttp 19284 2344 "GET /api/items/search/?lat=-17.799320749767443&lng=31.006853766438798&radius_km=5&sort=distance HTTP/1.1" 200 151
INFO 2026-07-16 21:51:48,794 basehttp 19284 2344 "GET /api/items/search?lat=-17.79934118032436&lng=31.00685248136391&radius_km=5&sort=distance HTTP/1.1" 301 0
INFO 2026-07-16 21:51:49,116 basehttp 19284 6864 "GET /api/items/search/?lat=-17.79934118032436&lng=31.00685248136391&radius_km=5&sort=distance HTTP/1.1" 200 149
INFO 2026-07-16 21:51:54,102 basehttp 19284 6864 "GET /api/items/search?lat=-17.796235708832942&lng=31.007623672485355&radius_km=5&sort=distance HTTP/1.1" 301 0
INFO 2026-07-16 21:51:54,120 basehttp 19284 19408 "GET /api/items/search/?lat=-17.796235708832942&lng=31.007623672485355&radius_km=5&sort=distance HTTP/1.1" 200 151
INFO 2026-07-16 21:51:56,216 basehttp 19284 19408 "GET /api/items/search?lat=-17.79624592428826&lng=31.007623672485355&radius_km=5&sort=distance HTTP/1.1" 301 0
INFO 2026-07-16 21:51:56,538 basehttp 19284 12048 "GET /api/items/search/?lat=-17.79624592428826&lng=31.007623672485355&radius_km=5&sort=distance HTTP/1.1" 200 150
INFO 2026-07-16 21:51:57,025 basehttp 19284 12048 "GET /api/items/search?lat=-17.796251032015704&lng=31.007623672485355&radius_km=5&sort=distance HTTP/1.1" 301 0
INFO 2026-07-16 21:51:57,047 basehttp 19284 20888 "GET /api/items/search/?lat=-17.796251032015704&lng=31.007623672485355&radius_km=5&sort=distance HTTP/1.1" 200 151
INFO 2026-07-16 21:51:59,604 basehttp 19284 20888 "GET /api/items/search?lat=-17.789120502203904&lng=31.003857851028446&radius_km=5&sort=distance HTTP/1.1" 301 0
INFO 2026-07-16 21:51:59,929 basehttp 19284 9336 "GET /api/items/search/?lat=-17.789120502203904&lng=31.003857851028446&radius_km=5&sort=distance HTTP/1.1" 200 151
INFO 2026-07-16 21:52:02,084 basehttp 19284 9336 "GET /api/items/search?lat=-17.7883543108541&lng=31.00334295923828&radius_km=5&sort=distance HTTP/1.1" 301 0
INFO 2026-07-16 21:52:02,094 basehttp 19284 8488 "GET /api/items/search/?lat=-17.7883543108541&lng=31.00334295923828&radius_km=5&sort=distance HTTP/1.1" 200 148
INFO 2026-07-16 21:52:07,094 basehttp 19284 8488 "GET /api/items/search?lat=-17.78522821608098&lng=30.995523040175396&radius_km=5&sort=distance HTTP/1.1" 301 0
INFO 2026-07-16 21:52:07,434 basehttp 19284 3548 "GET /api/items/search/?lat=-17.78522821608098&lng=30.995523040175396&radius_km=5&sort=distance HTTP/1.1" 200 150
INFO 2026-07-16 21:52:10,179 basehttp 19284 3548 "GET /api/items/search?lat=-17.785233324123602&lng=30.995524534940586&radius_km=5&sort=distance HTTP/1.1" 301 0
INFO 2026-07-16 21:52:10,199 basehttp 19284 10712 "GET /api/items/search/?lat=-17.785233324123602&lng=30.995524534940586&radius_km=5&sort=distance HTTP/1.1" 200 151
INFO 2026-07-16 21:52:10,739 basehttp 19284 10712 "GET /api/items/search?lat=-17.785243540208416&lng=30.995527524471047&radius_km=5&sort=distance HTTP/1.1" 301 0
INFO 2026-07-16 21:52:11,091 basehttp 19284 21280 "GET /api/items/search/?lat=-17.785243540208416&lng=30.995527524471047&radius_km=5&sort=distance HTTP/1.1" 200 151
INFO 2026-07-16 21:52:20,169 basehttp 19284 21280 "GET /api/items/search?lat=-17.785938232604824&lng=31.014192351864022&radius_km=5&sort=distance HTTP/1.1" 301 0
INFO 2026-07-16 21:52:20,232 basehttp 19284 13260 "GET /api/items/search/?lat=-17.785938232604824&lng=31.014192351864022&radius_km=5&sort=distance HTTP/1.1" 200 151
INFO 2026-07-16 21:53:01,944 basehttp 19284 13260 "POST /api/auth/register HTTP/1.1" 201 70
INFO 2026-07-16 21:53:44,808 verification 19284 13260 Mock verification for National ID: 85-4****
INFO 2026-07-16 21:53:44,832 basehttp 19284 13260 "POST /api/auth/verify-id HTTP/1.1" 200 76
WARNING 2026-07-16 21:56:58,723 log 19284 13260 Unauthorized: /api/items/categories/
WARNING 2026-07-16 21:56:58,726 basehttp 19284 13260 "GET /api/items/categories/ HTTP/1.1" 401 149
INFO 2026-07-16 21:56:58,798 basehttp 19284 13260 "GET /api/items/search?lat=-17.7833&lng=31.05&radius_km=5&sort=distance HTTP/1.1" 301 0
WARNING 2026-07-16 21:56:59,035 log 19284 18256 Unauthorized: /api/items/categories/
WARNING 2026-07-16 21:56:59,039 basehttp 19284 18256 "GET /api/items/categories/ HTTP/1.1" 401 149
INFO 2026-07-16 21:57:12,786 basehttp 19284 18256 "GET /api/items/search?lat=-17.7631550003267&lng=31.004447937011722&radius_km=5&sort=distance HTTP/1.1" 301 0
INFO 2026-07-16 21:57:17,154 basehttp 19284 21448 "GET /api/items/search?lat=-17.810720636986844&lng=30.974927474376383&radius_km=5&sort=distance HTTP/1.1" 301 0
INFO 2026-07-16 21:57:19,142 basehttp 19284 20936 "GET /api/items/search?lat=-17.822160651438235&lng=30.979218239294315&radius_km=5&sort=distance HTTP/1.1" 301 0
INFO 2026-07-16 21:57:20,623 basehttp 19284 2720 "GET /api/items/search?lat=-17.82220150731702&lng=30.979215976946964&radius_km=5&sort=distance HTTP/1.1" 301 0
INFO 2026-07-16 21:57:21,700 basehttp 19284 8248 "GET /api/items/search?lat=-17.822221935252895&lng=30.97921484577329&radius_km=5&sort=distance HTTP/1.1" 301 0
INFO 2026-07-16 21:57:23,728 basehttp 19284 10412 "GET /api/items/search?lat=-17.822232149219953&lng=30.979214280186472&radius_km=5&sort=distance HTTP/1.1" 301 0
INFO 2026-07-16 21:57:27,756 basehttp 19284 14232 "GET /api/items/search?lat=-17.822237256203273&lng=30.979213997393042&radius_km=5&sort=distance HTTP/1.1" 301 0
INFO 2026-07-16 21:57:30,243 basehttp 19284 7388 "GET /api/items/search?lat=-17.82223980969487&lng=30.979213855996306&radius_km=5&sort=distance HTTP/1.1" 301 0
INFO 2026-07-16 21:57:33,998 basehttp 19284 15056 "GET /api/items/search?lat=-17.819599479841205&lng=30.976617336273197&radius_km=5&sort=distance HTTP/1.1" 301 0
INFO 2026-07-16 21:57:37,386 basehttp 19284 13972 "GET /api/items/search?lat=-17.821769966624366&lng=30.975496172904972&radius_km=5&sort=distance HTTP/1.1" 301 0
INFO 2026-07-16 21:57:39,209 basehttp 19284 16732 "GET /api/items/search?lat=-17.823664652301954&lng=30.97367259781484&radius_km=5&sort=distance HTTP/1.1" 301 0
INFO 2026-07-16 21:57:40,993 basehttp 19284 11148 "GET /api/items/search?lat=-17.826218105173442&lng=30.979137959629078&radius_km=5&sort=distance HTTP/1.1" 301 0
INFO 2026-07-16 21:58:20,627 basehttp 19284 21372 "OPTIONS /api/auth/verify-address HTTP/1.1" 200 0
INFO 2026-07-16 21:58:24,723 basehttp 19284 21372 "POST /api/auth/verify-address HTTP/1.1" 200 839
INFO 2026-07-16 21:58:24,815 basehttp 19284 21372 "OPTIONS /api/items/search?lat=-17.7833&lng=31.05&radius_km=5&sort=distance HTTP/1.1" 200 0
INFO 2026-07-16 21:58:24,825 basehttp 19284 10052 "OPTIONS /api/items/categories/ HTTP/1.1" 200 0
INFO 2026-07-16 21:58:24,832 basehttp 19284 21372 "OPTIONS /api/items/categories/ HTTP/1.1" 200 0
INFO 2026-07-16 21:58:24,872 basehttp 19284 21372 "GET /api/items/categories/ HTTP/1.1" 200 985
INFO 2026-07-16 21:58:24,923 basehttp 19284 21372 "GET /api/items/categories/ HTTP/1.1" 200 985
INFO 2026-07-16 21:58:24,994 basehttp 19284 10052 "GET /api/items/search?lat=-17.7833&lng=31.05&radius_km=5&sort=distance HTTP/1.1" 301 0
INFO 2026-07-16 21:58:25,001 basehttp 19284 21372 "OPTIONS /api/items/search/?lat=-17.7833&lng=31.05&radius_km=5&sort=distance HTTP/1.1" 200 0
INFO 2026-07-16 21:58:25,011 basehttp 19284 21372 "OPTIONS /api/items/search/?lat=-17.7833&lng=31.05&radius_km=5&sort=distance HTTP/1.1" 200 0
INFO 2026-07-16 21:58:25,040 basehttp 19284 21372 "GET /api/items/search/?lat=-17.7833&lng=31.05&radius_km=5&sort=distance HTTP/1.1" 200 127
INFO 2026-07-16 21:58:25,068 basehttp 19284 21372 "GET /api/items/search/?lat=-17.7833&lng=31.05&radius_km=5&sort=distance HTTP/1.1" 200 127
INFO 2026-07-16 21:59:25,980 basehttp 19284 21372 "OPTIONS /api/transactions/?user_id=3 HTTP/1.1" 200 0
INFO 2026-07-16 21:59:25,988 basehttp 19284 21372 "OPTIONS /api/transactions/?user_id=3 HTTP/1.1" 200 0
INFO 2026-07-16 21:59:26,083 basehttp 19284 21372 "GET /api/transactions/?user_id=3 HTTP/1.1" 200 52
INFO 2026-07-16 21:59:26,109 basehttp 19284 21372 "GET /api/transactions/?user_id=3 HTTP/1.1" 200 52
INFO 2026-07-16 21:59:28,754 basehttp 19284 10052 "OPTIONS /api/items/?owner=3 HTTP/1.1" 200 0
INFO 2026-07-16 21:59:28,754 basehttp 19284 21372 "OPTIONS /api/users/3/profile/ HTTP/1.1" 200 0
INFO 2026-07-16 21:59:28,759 basehttp 19284 10052 "OPTIONS /api/users/3/profile/ HTTP/1.1" 200 0
INFO 2026-07-16 21:59:28,767 basehttp 19284 21372 "OPTIONS /api/items/?owner=3 HTTP/1.1" 200 0
INFO 2026-07-16 21:59:28,782 basehttp 19284 15300 "GET /api/transactions/?user_id=3 HTTP/1.1" 200 52
INFO 2026-07-16 21:59:28,822 basehttp 19284 10052 "GET /api/items/?owner=3 HTTP/1.1" 200 52
INFO 2026-07-16 21:59:28,848 basehttp 19284 21372 "GET /api/users/3/profile/ HTTP/1.1" 200 259
INFO 2026-07-16 21:59:28,848 basehttp 19284 15300 "GET /api/transactions/?user_id=3 HTTP/1.1" 200 52
INFO 2026-07-16 21:59:28,870 basehttp 19284 10052 "GET /api/items/?owner=3 HTTP/1.1" 200 52
INFO 2026-07-16 21:59:28,885 basehttp 19284 15300 "GET /api/users/3/profile/ HTTP/1.1" 200 259
INFO 2026-07-16 22:02:02,763 basehttp 19284 10052 "GET /api/items/search/?lat=-17.7833&lng=31.05&radius_km=5&sort=distance HTTP/1.1" 200 127
INFO 2026-07-16 22:02:02,764 basehttp 19284 15300 "GET /api/items/categories/ HTTP/1.1" 200 985
INFO 2026-07-16 22:02:02,804 basehttp 19284 10052 "GET /api/items/search/?lat=-17.7833&lng=31.05&radius_km=5&sort=distance HTTP/1.1" 200 127
INFO 2026-07-16 22:02:02,830 basehttp 19284 15300 "GET /api/items/categories/ HTTP/1.1" 200 985
INFO 2026-07-21 14:56:49,604 autoreload 776 1672 Watching for file changes with StatReloader
INFO 2026-07-21 14:57:08,671 basehttp 776 25352 "GET /api/items/search?lat=-17.7833&lng=31.05&radius_km=5&sort=distance HTTP/1.1" 301 0
INFO 2026-07-21 14:57:08,702 basehttp 776 21936 "GET /api/items/search/?lat=-17.7833&lng=31.05&radius_km=5&sort=distance HTTP/1.1" 200 127
INFO 2026-07-21 14:57:31,409 basehttp 776 21936 "OPTIONS /api/auth/login HTTP/1.1" 200 0
INFO 2026-07-21 14:57:34,986 basehttp 776 21936 "POST /api/auth/login HTTP/1.1" 200 839
INFO 2026-07-21 14:57:35,101 basehttp 776 21936 "OPTIONS /api/items/search?lat=-17.7833&lng=31.05&radius_km=5&sort=distance HTTP/1.1" 200 0
INFO 2026-07-21 14:57:35,121 basehttp 776 21936 "OPTIONS /api/items/categories/ HTTP/1.1" 200 0
INFO 2026-07-21 14:57:35,199 basehttp 776 21936 "OPTIONS /api/items/search?lat=-17.7833&lng=31.05&radius_km=5&sort=distance HTTP/1.1" 200 0
INFO 2026-07-21 14:57:35,225 basehttp 776 21936 "OPTIONS /api/items/categories/ HTTP/1.1" 200 0
INFO 2026-07-21 14:57:35,263 basehttp 776 21936 "GET /api/items/categories/ HTTP/1.1" 200 985
INFO 2026-07-21 14:57:35,287 basehttp 776 21936 "OPTIONS /api/items/search/?lat=-17.7833&lng=31.05&radius_km=5&sort=distance HTTP/1.1" 200 0
INFO 2026-07-21 14:57:35,305 basehttp 776 21936 "OPTIONS /api/items/search/?lat=-17.7833&lng=31.05&radius_km=5&sort=distance HTTP/1.1" 200 0
INFO 2026-07-21 14:57:35,334 basehttp 776 21936 "GET /api/items/categories/ HTTP/1.1" 200 985
INFO 2026-07-21 14:57:35,365 basehttp 776 21936 "GET /api/items/search/?lat=-17.7833&lng=31.05&radius_km=5&sort=distance HTTP/1.1" 200 127
INFO 2026-07-21 14:57:35,414 basehttp 776 21936 "GET /api/items/search/?lat=-17.7833&lng=31.05&radius_km=5&sort=distance HTTP/1.1" 200 127
INFO 2026-07-21 15:07:58,365 basehttp 776 24104 "OPTIONS /api/users/3/profile/ HTTP/1.1" 200 0
INFO 2026-07-21 15:07:58,398 basehttp 776 24176 "OPTIONS /api/items/?owner=3 HTTP/1.1" 200 0
INFO 2026-07-21 15:07:58,466 basehttp 776 23080 "OPTIONS /api/transactions/?user_id=3 HTTP/1.1" 200 0
INFO 2026-07-21 15:07:58,489 basehttp 776 23120 "OPTIONS /api/users/3/profile/ HTTP/1.1" 200 0
INFO 2026-07-21 15:07:58,522 basehttp 776 26672 "OPTIONS /api/items/?owner=3 HTTP/1.1" 200 0
INFO 2026-07-21 15:07:58,522 basehttp 776 24104 "GET /api/users/3/profile/ HTTP/1.1" 200 259
INFO 2026-07-21 15:07:58,537 basehttp 776 25116 "OPTIONS /api/transactions/?user_id=3 HTTP/1.1" 200 0
INFO 2026-07-21 15:07:58,716 basehttp 776 24104 "GET /api/users/3/profile/ HTTP/1.1" 200 259
INFO 2026-07-21 15:07:58,761 basehttp 776 24176 "GET /api/items/?owner=3 HTTP/1.1" 200 52
INFO 2026-07-21 15:07:58,806 basehttp 776 24104 "GET /api/items/?owner=3 HTTP/1.1" 200 52
INFO 2026-07-21 15:07:58,856 basehttp 776 23080 "GET /api/transactions/?user_id=3 HTTP/1.1" 200 52
INFO 2026-07-21 15:07:58,915 basehttp 776 23080 "GET /api/transactions/?user_id=3 HTTP/1.1" 200 52
INFO 2026-07-21 15:08:07,233 basehttp 776 24104 "GET /api/items/search/?lat=-17.7833&lng=31.05&radius_km=5&sort=distance HTTP/1.1" 200 127
INFO 2026-07-21 15:08:07,248 basehttp 776 23080 "GET /api/items/categories/ HTTP/1.1" 200 985
INFO 2026-07-21 15:08:07,307 basehttp 776 24104 "GET /api/items/search/?lat=-17.7833&lng=31.05&radius_km=5&sort=distance HTTP/1.1" 200 127
INFO 2026-07-21 15:08:07,327 basehttp 776 23080 "GET /api/items/categories/ HTTP/1.1" 200 985
INFO 2026-07-21 15:08:24,124 basehttp 776 23080 "OPTIONS /api/items/search?lat=-17.811537805219217&lng=31.051482877274754&radius_km=5&sort=distance HTTP/1.1" 200 0
INFO 2026-07-21 15:08:24,204 basehttp 776 23080 "GET /api/items/search?lat=-17.811537805219217&lng=31.051482877274754&radius_km=5&sort=distance HTTP/1.1" 301 0
INFO 2026-07-21 15:08:24,212 basehttp 776 24104 "OPTIONS /api/items/search/?lat=-17.811537805219217&lng=31.051482877274754&radius_km=5&sort=distance HTTP/1.1" 200 0
INFO 2026-07-21 15:08:24,247 basehttp 776 24104 "GET /api/items/search/?lat=-17.811537805219217&lng=31.051482877274754&radius_km=5&sort=distance HTTP/1.1" 200 151
INFO 2026-07-21 15:08:27,088 basehttp 776 24104 "OPTIONS /api/items/search?lat=-17.81157866353255&lng=31.051483015785795&radius_km=5&sort=distance HTTP/1.1" 200 0
INFO 2026-07-21 15:08:27,167 basehttp 776 24104 "GET /api/items/search?lat=-17.81157866353255&lng=31.051483015785795&radius_km=5&sort=distance HTTP/1.1" 301 0
INFO 2026-07-21 15:08:27,180 basehttp 776 24176 "OPTIONS /api/items/search/?lat=-17.81157866353255&lng=31.051483015785795&radius_km=5&sort=distance HTTP/1.1" 200 0
INFO 2026-07-21 15:08:27,235 basehttp 776 24176 "GET /api/items/search/?lat=-17.81157866353255&lng=31.051483015785795&radius_km=5&sort=distance HTTP/1.1" 200 150
INFO 2026-07-21 15:08:27,883 basehttp 776 24176 "OPTIONS /api/items/search?lat=-17.8115990926857&lng=31.051483085041358&radius_km=5&sort=distance HTTP/1.1" 200 0
INFO 2026-07-21 15:08:27,981 basehttp 776 24176 "GET /api/items/search?lat=-17.8115990926857&lng=31.051483085041358&radius_km=5&sort=distance HTTP/1.1" 301 0
INFO 2026-07-21 15:08:27,989 basehttp 776 25116 "OPTIONS /api/items/search/?lat=-17.8115990926857&lng=31.051483085041358&radius_km=5&sort=distance HTTP/1.1" 200 0
INFO 2026-07-21 15:08:28,028 basehttp 776 25116 "GET /api/items/search/?lat=-17.8115990926857&lng=31.051483085041358&radius_km=5&sort=distance HTTP/1.1" 200 149
INFO 2026-07-21 15:08:29,766 basehttp 776 25116 "OPTIONS /api/items/search?lat=-17.793252770869458&lng=31.05255577627084&radius_km=5&sort=distance HTTP/1.1" 200 0
INFO 2026-07-21 15:08:29,895 basehttp 776 25116 "GET /api/items/search?lat=-17.793252770869458&lng=31.05255577627084&radius_km=5&sort=distance HTTP/1.1" 301 0
INFO 2026-07-21 15:08:29,902 basehttp 776 26672 "OPTIONS /api/items/search/?lat=-17.793252770869458&lng=31.05255577627084&radius_km=5&sort=distance HTTP/1.1" 200 0
INFO 2026-07-21 15:08:29,938 basehttp 776 26672 "GET /api/items/search/?lat=-17.793252770869458&lng=31.05255577627084&radius_km=5&sort=distance HTTP/1.1" 200 150
INFO 2026-07-21 15:08:31,599 basehttp 776 26672 "OPTIONS /api/items/search?lat=-17.791087044954033&lng=31.052469960972452&radius_km=5&sort=distance HTTP/1.1" 200 0
INFO 2026-07-21 15:08:31,664 basehttp 776 26672 "GET /api/items/search?lat=-17.791087044954033&lng=31.052469960972452&radius_km=5&sort=distance HTTP/1.1" 301 0
INFO 2026-07-21 15:08:31,673 basehttp 776 23120 "OPTIONS /api/items/search/?lat=-17.791087044954033&lng=31.052469960972452&radius_km=5&sort=distance HTTP/1.1" 200 0
INFO 2026-07-21 15:08:31,716 basehttp 776 23120 "GET /api/items/search/?lat=-17.791087044954033&lng=31.052469960972452&radius_km=5&sort=distance HTTP/1.1" 200 151
INFO 2026-07-21 15:08:34,102 basehttp 776 23120 "OPTIONS /api/items/search?lat=-17.791097260703975&lng=31.052470084093407&radius_km=5&sort=distance HTTP/1.1" 200 0
INFO 2026-07-21 15:08:34,156 basehttp 776 23120 "GET /api/items/search?lat=-17.791097260703975&lng=31.052470084093407&radius_km=5&sort=distance HTTP/1.1" 301 0
INFO 2026-07-21 15:08:34,468 basehttp 776 18080 "OPTIONS /api/items/search/?lat=-17.791097260703975&lng=31.052470084093407&radius_km=5&sort=distance HTTP/1.1" 200 0
INFO 2026-07-21 15:08:34,500 basehttp 776 18080 "GET /api/items/search/?lat=-17.791097260703975&lng=31.052470084093407&radius_km=5&sort=distance HTTP/1.1" 200 151
INFO 2026-07-21 15:08:34,954 basehttp 776 18080 "OPTIONS /api/items/search?lat=-17.791102368578738&lng=31.05247014565388&radius_km=5&sort=distance HTTP/1.1" 200 0
INFO 2026-07-21 15:08:35,074 basehttp 776 18080 "GET /api/items/search?lat=-17.791102368578738&lng=31.05247014565388&radius_km=5&sort=distance HTTP/1.1" 301 0
INFO 2026-07-21 15:08:35,087 basehttp 776 27548 "OPTIONS /api/items/search/?lat=-17.791102368578738&lng=31.05247014565388&radius_km=5&sort=distance HTTP/1.1" 200 0
INFO 2026-07-21 15:08:35,123 basehttp 776 27548 "GET /api/items/search/?lat=-17.791102368578738&lng=31.05247014565388&radius_km=5&sort=distance HTTP/1.1" 200 150
INFO 2026-07-21 15:08:36,677 basehttp 776 27548 "OPTIONS /api/items/search?lat=-17.786443926105814&lng=31.05180507709162&radius_km=5&sort=distance HTTP/1.1" 200 0
INFO 2026-07-21 15:08:36,738 basehttp 776 27548 "GET /api/items/search?lat=-17.786443926105814&lng=31.05180507709162&radius_km=5&sort=distance HTTP/1.1" 301 0
INFO 2026-07-21 15:08:37,056 basehttp 776 21276 "OPTIONS /api/items/search/?lat=-17.786443926105814&lng=31.05180507709162&radius_km=5&sort=distance HTTP/1.1" 200 0
INFO 2026-07-21 15:08:37,087 basehttp 776 21276 "GET /api/items/search/?lat=-17.786443926105814&lng=31.05180507709162&radius_km=5&sort=distance HTTP/1.1" 200 150
INFO 2026-07-21 15:08:38,269 basehttp 776 21276 "OPTIONS /api/items/search?lat=-17.786385184004953&lng=31.052277117021763&radius_km=5&sort=distance HTTP/1.1" 200 0
INFO 2026-07-21 15:08:38,329 basehttp 776 21276 "GET /api/items/search?lat=-17.786385184004953&lng=31.052277117021763&radius_km=5&sort=distance HTTP/1.1" 301 0
INFO 2026-07-21 15:08:38,337 basehttp 776 4116 "OPTIONS /api/items/search/?lat=-17.786385184004953&lng=31.052277117021763&radius_km=5&sort=distance HTTP/1.1" 200 0
INFO 2026-07-21 15:08:38,394 basehttp 776 4116 "GET /api/items/search/?lat=-17.786385184004953&lng=31.052277117021763&radius_km=5&sort=distance HTTP/1.1" 200 151
INFO 2026-07-21 15:08:44,317 basehttp 776 4116 "OPTIONS /api/items/search?lat=-17.78638263000013&lng=31.05227714587824&radius_km=5&sort=distance HTTP/1.1" 200 0
INFO 2026-07-21 15:08:44,483 basehttp 776 4116 "GET /api/items/search?lat=-17.78638263000013&lng=31.05227714587824&radius_km=5&sort=distance HTTP/1.1" 301 0
INFO 2026-07-21 15:08:44,825 basehttp 776 4896 "OPTIONS /api/items/search/?lat=-17.78638263000013&lng=31.05227714587824&radius_km=5&sort=distance HTTP/1.1" 200 0
INFO 2026-07-21 15:08:44,935 basehttp 776 4896 "GET /api/items/search/?lat=-17.78638263000013&lng=31.05227714587824&radius_km=5&sort=distance HTTP/1.1" 200 149
INFO 2026-07-21 15:08:44,967 basehttp 776 4896 "OPTIONS /api/items/search?lat=-17.78637752199037&lng=31.052277203591157&radius_km=5&sort=distance HTTP/1.1" 200 0
INFO 2026-07-21 15:08:45,061 basehttp 776 4896 "GET /api/items/search?lat=-17.78637752199037&lng=31.052277203591157&radius_km=5&sort=distance HTTP/1.1" 301 0
INFO 2026-07-21 15:08:45,072 basehttp 776 1812 "OPTIONS /api/items/search/?lat=-17.78637752199037&lng=31.052277203591157&radius_km=5&sort=distance HTTP/1.1" 200 0
INFO 2026-07-21 15:08:45,099 basehttp 776 1812 "GET /api/items/search/?lat=-17.78637752199037&lng=31.052277203591157&radius_km=5&sort=distance HTTP/1.1" 200 150
INFO 2026-07-21 15:08:45,880 basehttp 776 1812 "OPTIONS /api/items/search?lat=-17.78638773800974&lng=31.052255861344943&radius_km=5&sort=distance HTTP/1.1" 200 0
INFO 2026-07-21 15:08:45,933 basehttp 776 1812 "GET /api/items/search?lat=-17.78638773800974&lng=31.052255861344943&radius_km=5&sort=distance HTTP/1.1" 301 0
INFO 2026-07-21 15:08:45,945 basehttp 776 22232 "OPTIONS /api/items/search/?lat=-17.78638773800974&lng=31.052255861344943&radius_km=5&sort=distance HTTP/1.1" 200 0
INFO 2026-07-21 15:08:45,975 basehttp 776 22232 "GET /api/items/search/?lat=-17.78638773800974&lng=31.052255861344943&radius_km=5&sort=distance HTTP/1.1" 200 150
INFO 2026-07-21 15:08:50,140 basehttp 776 22232 "OPTIONS /api/items/search?lat=-17.78745020083319&lng=31.04431794624679&radius_km=5&sort=distance HTTP/1.1" 200 0
INFO 2026-07-21 15:08:50,185 basehttp 776 22232 "GET /api/items/search?lat=-17.78745020083319&lng=31.04431794624679&radius_km=5&sort=distance HTTP/1.1" 301 0
INFO 2026-07-21 15:08:50,504 basehttp 776 27476 "OPTIONS /api/items/search/?lat=-17.78745020083319&lng=31.04431794624679&radius_km=5&sort=distance HTTP/1.1" 200 0
INFO 2026-07-21 15:08:50,537 basehttp 776 27476 "GET /api/items/search/?lat=-17.78745020083319&lng=31.04431794624679&radius_km=5&sort=distance HTTP/1.1" 200 149
INFO 2026-07-21 15:08:52,324 basehttp 776 27476 "OPTIONS /api/items/search?lat=-17.787470632748615&lng=31.044276685340222&radius_km=5&sort=distance HTTP/1.1" 200 0
INFO 2026-07-21 15:08:52,377 basehttp 776 27476 "GET /api/items/search?lat=-17.787470632748615&lng=31.044276685340222&radius_km=5&sort=distance HTTP/1.1" 301 0
INFO 2026-07-21 15:08:52,386 basehttp 776 3628 "OPTIONS /api/items/search/?lat=-17.787470632748615&lng=31.044276685340222&radius_km=5&sort=distance HTTP/1.1" 200 0
INFO 2026-07-21 15:08:52,426 basehttp 776 3628 "GET /api/items/search/?lat=-17.787470632748615&lng=31.044276685340222&radius_km=5&sort=distance HTTP/1.1" 200 151
INFO 2026-07-21 15:08:53,506 basehttp 776 3628 "OPTIONS /api/items/search?lat=-17.787511496572463&lng=31.04427999421564&radius_km=5&sort=distance HTTP/1.1" 200 0
INFO 2026-07-21 15:08:53,811 basehttp 776 3628 "GET /api/items/search?lat=-17.787511496572463&lng=31.04427999421564&radius_km=5&sort=distance HTTP/1.1" 301 0
INFO 2026-07-21 15:08:54,140 basehttp 776 8908 "OPTIONS /api/items/search/?lat=-17.787511496572463&lng=31.04427999421564&radius_km=5&sort=distance HTTP/1.1" 200 0
INFO 2026-07-21 15:08:54,171 basehttp 776 8908 "GET /api/items/search/?lat=-17.787511496572463&lng=31.04427999421564&radius_km=5&sort=distance HTTP/1.1" 200 150
INFO 2026-07-21 15:08:56,767 basehttp 776 8908 "OPTIONS /api/items/search?lat=-17.787429768915416&lng=31.044286611966385&radius_km=5&sort=distance HTTP/1.1" 200 0
INFO 2026-07-21 15:08:56,826 basehttp 776 8908 "GET /api/items/search?lat=-17.787429768915416&lng=31.044286611966385&radius_km=5&sort=distance HTTP/1.1" 301 0
INFO 2026-07-21 15:08:56,832 basehttp 776 24124 "OPTIONS /api/items/search/?lat=-17.787429768915416&lng=31.044286611966385&radius_km=5&sort=distance HTTP/1.1" 200 0
INFO 2026-07-21 15:08:56,862 basehttp 776 24124 "GET /api/items/search/?lat=-17.787429768915416&lng=31.044286611966385&radius_km=5&sort=distance HTTP/1.1" 200 151
INFO 2026-07-21 15:09:03,113 basehttp 776 24124 "OPTIONS /api/items/search?lat=-17.783179879214295&lng=30.999319395626554&radius_km=5&sort=distance HTTP/1.1" 200 0
INFO 2026-07-21 15:09:03,153 basehttp 776 24124 "GET /api/items/search?lat=-17.783179879214295&lng=30.999319395626554&radius_km=5&sort=distance HTTP/1.1" 301 0
INFO 2026-07-21 15:09:03,471 basehttp 776 20920 "OPTIONS /api/items/search/?lat=-17.783179879214295&lng=30.999319395626554&radius_km=5&sort=distance HTTP/1.1" 200 0
INFO 2026-07-21 15:09:03,487 basehttp 776 20920 "GET /api/items/search/?lat=-17.783179879214295&lng=30.999319395626554&radius_km=5&sort=distance HTTP/1.1" 200 151
INFO 2026-07-21 15:09:04,303 basehttp 776 20920 "OPTIONS /api/items/search?lat=-17.79037194100535&lng=31.055270970156286&radius_km=5&sort=distance HTTP/1.1" 200 0
INFO 2026-07-21 15:09:04,345 basehttp 776 20920 "GET /api/items/search?lat=-17.79037194100535&lng=31.055270970156286&radius_km=5&sort=distance HTTP/1.1" 301 0
INFO 2026-07-21 15:09:04,352 basehttp 776 8060 "OPTIONS /api/items/search/?lat=-17.79037194100535&lng=31.055270970156286&radius_km=5&sort=distance HTTP/1.1" 200 0
INFO 2026-07-21 15:09:04,374 basehttp 776 8060 "GET /api/items/search/?lat=-17.79037194100535&lng=31.055270970156286&radius_km=5&sort=distance HTTP/1.1" 200 150
INFO 2026-07-21 15:09:06,230 basehttp 776 8060 "OPTIONS /api/items/search?lat=-17.790453667315866&lng=31.05526533737305&radius_km=5&sort=distance HTTP/1.1" 200 0
INFO 2026-07-21 15:09:06,272 basehttp 776 8060 "GET /api/items/search?lat=-17.790453667315866&lng=31.05526533737305&radius_km=5&sort=distance HTTP/1.1" 301 0
INFO 2026-07-21 15:09:06,584 basehttp 776 15808 "OPTIONS /api/items/search/?lat=-17.790453667315866&lng=31.05526533737305&radius_km=5&sort=distance HTTP/1.1" 200 0
INFO 2026-07-21 15:09:06,603 basehttp 776 15808 "GET /api/items/search/?lat=-17.790453667315866&lng=31.05526533737305&radius_km=5&sort=distance HTTP/1.1" 200 150
INFO 2026-07-21 15:09:07,985 basehttp 776 15808 "OPTIONS /api/items/search?lat=-17.790453667315866&lng=31.05526533737305&radius_km=10&sort=distance HTTP/1.1" 200 0
INFO 2026-07-21 15:09:08,027 basehttp 776 15808 "GET /api/items/search?lat=-17.790453667315866&lng=31.05526533737305&radius_km=10&sort=distance HTTP/1.1" 301 0
INFO 2026-07-21 15:09:08,036 basehttp 776 13756 "OPTIONS /api/items/search/?lat=-17.790453667315866&lng=31.05526533737305&radius_km=10&sort=distance HTTP/1.1" 200 0
INFO 2026-07-21 15:09:08,057 basehttp 776 13756 "GET /api/items/search/?lat=-17.790453667315866&lng=31.05526533737305&radius_km=10&sort=distance HTTP/1.1" 200 152
INFO 2026-07-21 15:11:36,302 basehttp 776 13756 "OPTIONS /api/items/ HTTP/1.1" 200 0
INFO 2026-07-21 15:11:36,349 basehttp 776 13756 "POST /api/items/ HTTP/1.1" 201 243
INFO 2026-07-21 15:11:36,458 basehttp 776 13756 "GET /api/items/?owner=3 HTTP/1.1" 200 52
INFO 2026-07-21 15:11:36,489 basehttp 776 13756 "GET /api/items/?owner=3 HTTP/1.1" 200 52
INFO 2026-07-21 15:11:41,234 basehttp 776 13756 "GET /api/items/?owner=3 HTTP/1.1" 200 52
INFO 2026-07-21 15:11:41,276 basehttp 776 13756 "GET /api/items/?owner=3 HTTP/1.1" 200 52
INFO 2026-07-21 15:12:05,188 basehttp 776 13756 "GET /api/items/categories/ HTTP/1.1" 200 985
INFO 2026-07-21 15:12:05,236 basehttp 776 13756 "GET /api/items/categories/ HTTP/1.1" 200 985
INFO 2026-07-21 15:12:05,276 basehttp 776 13756 "GET /api/items/search/?lat=-17.7833&lng=31.05&radius_km=5&sort=distance HTTP/1.1" 200 127
INFO 2026-07-21 15:12:05,309 basehttp 776 13756 "GET /api/items/search/?lat=-17.7833&lng=31.05&radius_km=5&sort=distance HTTP/1.1" 200 127
INFO 2026-07-21 15:12:11,641 basehttp 776 13756 "OPTIONS /api/items/search?lat=-17.7833&lng=31.05&radius_km=10&sort=distance HTTP/1.1" 200 0
INFO 2026-07-21 15:12:11,680 basehttp 776 13756 "GET /api/items/search?lat=-17.7833&lng=31.05&radius_km=10&sort=distance HTTP/1.1" 301 0
INFO 2026-07-21 15:12:11,688 basehttp 776 20432 "OPTIONS /api/items/search/?lat=-17.7833&lng=31.05&radius_km=10&sort=distance HTTP/1.1" 200 0
INFO 2026-07-21 15:12:11,710 basehttp 776 20432 "GET /api/items/search/?lat=-17.7833&lng=31.05&radius_km=10&sort=distance HTTP/1.1" 200 129
WARNING 2026-07-21 15:14:48,518 log 776 20432 Unauthorized: /api/users/3/profile/
WARNING 2026-07-21 15:14:48,521 basehttp 776 20432 "GET /api/users/3/profile/ HTTP/1.1" 401 269
WARNING 2026-07-21 15:14:48,530 log 776 20432 Unauthorized: /api/items/
WARNING 2026-07-21 15:14:48,532 basehttp 776 20432 "GET /api/items/?owner=3 HTTP/1.1" 401 269
WARNING 2026-07-21 15:14:48,542 log 776 20432 Unauthorized: /api/transactions/
WARNING 2026-07-21 15:14:48,550 basehttp 776 20432 "GET /api/transactions/?user_id=3 HTTP/1.1" 401 269
WARNING 2026-07-21 15:14:48,567 log 776 20432 Unauthorized: /api/users/3/profile/
WARNING 2026-07-21 15:14:48,571 basehttp 776 20432 "GET /api/users/3/profile/ HTTP/1.1" 401 269
INFO 2026-07-21 15:14:48,581 basehttp 776 20432 "OPTIONS /api/auth/refresh/ HTTP/1.1" 200 0
WARNING 2026-07-21 15:14:48,591 log 776 20432 Unauthorized: /api/items/
WARNING 2026-07-21 15:14:48,595 basehttp 776 20432 "GET /api/items/?owner=3 HTTP/1.1" 401 269
WARNING 2026-07-21 15:14:48,606 log 776 20432 Unauthorized: /api/transactions/
WARNING 2026-07-21 15:14:48,609 basehttp 776 20432 "GET /api/transactions/?user_id=3 HTTP/1.1" 401 269
INFO 2026-07-21 15:14:48,625 basehttp 776 20432 "OPTIONS /api/auth/refresh/ HTTP/1.1" 200 0
INFO 2026-07-21 15:14:48,636 basehttp 776 20432 "OPTIONS /api/auth/refresh/ HTTP/1.1" 200 0
WARNING 2026-07-21 15:14:48,697 log 776 20432 Not Found: /api/auth/refresh/
WARNING 2026-07-21 15:14:48,703 basehttp 776 20432 "POST /api/auth/refresh/ HTTP/1.1" 404 3904
WARNING 2026-07-21 15:14:48,754 log 776 20432 Not Found: /api/auth/refresh/
WARNING 2026-07-21 15:14:48,761 basehttp 776 20432 "POST /api/auth/refresh/ HTTP/1.1" 404 3904
WARNING 2026-07-21 15:14:48,869 log 776 10948 Not Found: /api/auth/refresh/
WARNING 2026-07-21 15:14:48,876 log 776 20432 Not Found: /api/auth/refresh/
WARNING 2026-07-21 15:14:48,881 basehttp 776 10948 "POST /api/auth/refresh/ HTTP/1.1" 404 3904
WARNING 2026-07-21 15:14:48,889 basehttp 776 20432 "POST /api/auth/refresh/ HTTP/1.1" 404 3904
INFO 2026-07-21 15:14:53,586 basehttp 776 20432 "POST /api/auth/login HTTP/1.1" 200 839
INFO 2026-07-21 15:14:53,794 basehttp 776 20432 "GET /api/items/categories/ HTTP/1.1" 200 985
INFO 2026-07-21 15:14:53,949 basehttp 776 10948 "GET /api/items/search/?lat=-17.7833&lng=31.05&radius_km=5&sort=distance HTTP/1.1" 200 127
INFO 2026-07-21 15:14:54,027 basehttp 776 20432 "GET /api/items/categories/ HTTP/1.1" 200 985
INFO 2026-07-21 15:14:54,061 basehttp 776 10948 "GET /api/items/search/?lat=-17.7833&lng=31.05&radius_km=5&sort=distance HTTP/1.1" 200 127
INFO 2026-07-21 15:14:56,917 basehttp 776 1948 "GET /api/transactions/?user_id=3 HTTP/1.1" 200 52
INFO 2026-07-21 15:14:56,963 basehttp 776 20432 "GET /api/items/?owner=3 HTTP/1.1" 200 52
INFO 2026-07-21 15:14:56,990 basehttp 776 10948 "GET /api/users/3/profile/ HTTP/1.1" 200 259
INFO 2026-07-21 15:14:57,018 basehttp 776 1948 "GET /api/transactions/?user_id=3 HTTP/1.1" 200 52
INFO 2026-07-21 15:14:57,019 basehttp 776 2940 "GET /api/items/?owner=3 HTTP/1.1" 200 52
INFO 2026-07-21 15:14:57,080 basehttp 776 10948 "GET /api/users/3/profile/ HTTP/1.1" 200 259
INFO 2026-07-21 15:15:22,215 basehttp 776 10948 "GET /api/items/categories/ HTTP/1.1" 200 985
INFO 2026-07-21 15:15:22,220 basehttp 776 2940 "GET /api/items/search/?lat=-17.7833&lng=31.05&radius_km=5&sort=distance HTTP/1.1" 200 127
INFO 2026-07-21 15:15:22,226 basehttp 776 1948 "GET /api/items/categories/ HTTP/1.1" 200 985
INFO 2026-07-21 15:15:22,272 basehttp 776 2940 "GET /api/items/search/?lat=-17.7833&lng=31.05&radius_km=5&sort=distance HTTP/1.1" 200 127
INFO 2026-07-21 15:15:29,616 basehttp 776 1948 "GET /api/items/?owner=3 HTTP/1.1" 200 52
INFO 2026-07-21 15:15:29,649 basehttp 776 2940 "GET /api/users/3/profile/ HTTP/1.1" 200 259
INFO 2026-07-21 15:15:29,657 basehttp 776 10948 "GET /api/transactions/?user_id=3 HTTP/1.1" 200 52
INFO 2026-07-21 15:15:29,708 basehttp 776 1948 "GET /api/items/?owner=3 HTTP/1.1" 200 52
INFO 2026-07-21 15:15:29,762 basehttp 776 2940 "GET /api/users/3/profile/ HTTP/1.1" 200 259
INFO 2026-07-21 15:15:29,829 basehttp 776 10948 "GET /api/transactions/?user_id=3 HTTP/1.1" 200 52
WARNING 2026-07-21 15:18:58,473 log 776 10948 Bad Request: /api/items/
WARNING 2026-07-21 15:18:58,476 basehttp 776 10948 "POST /api/items/ HTTP/1.1" 400 275
INFO 2026-07-21 15:22:00,696 basehttp 776 10948 "POST /api/items/ HTTP/1.1" 201 245
INFO 2026-07-21 15:22:01,351 basehttp 776 10948 "GET /api/items/?owner=3 HTTP/1.1" 200 52
INFO 2026-07-21 15:22:01,408 basehttp 776 10948 "GET /api/items/?owner=3 HTTP/1.1" 200 52
INFO 2026-07-21 15:22:08,643 basehttp 776 10948 "GET /api/items/?owner=3 HTTP/1.1" 200 52
INFO 2026-07-21 15:22:08,691 basehttp 776 10948 "GET /api/items/?owner=3 HTTP/1.1" 200 52
INFO 2026-07-21 15:22:53,348 basehttp 776 10948 "GET /api/items/?owner=3 HTTP/1.1" 200 52
INFO 2026-07-21 15:23:44,989 autoreload 776 1672 C:\Users\Tavonga\Documents\Projects\NeighbourShare\backend\items\views.py changed, reloading.
INFO 2026-07-21 15:23:57,302 autoreload 13848 22356 Watching for file changes with StatReloader
INFO 2026-07-21 15:24:18,992 autoreload 13848 22356 C:\Users\Tavonga\Documents\Projects\NeighbourShare\backend\items\views.py changed, reloading.
INFO 2026-07-21 15:24:31,449 autoreload 27128 24200 Watching for file changes with StatReloader
ERROR 2026-07-21 15:25:18,738 log 27128 14492 Internal Server Error: /api/items/
Traceback (most recent call last):
  File "C:\Users\Tavonga\AppData\Local\Packages\PythonSoftwareFoundation.Python.3.9_qbz5n2kfra8p0\LocalCache\local-packages\Python39\site-packages\django\core\handlers\exception.py", line 55, in inner
    response = get_response(request)
  File "C:\Users\Tavonga\AppData\Local\Packages\PythonSoftwareFoundation.Python.3.9_qbz5n2kfra8p0\LocalCache\local-packages\Python39\site-packages\django\core\handlers\base.py", line 220, in _get_response
    response = response.render()
  File "C:\Users\Tavonga\AppData\Local\Packages\PythonSoftwareFoundation.Python.3.9_qbz5n2kfra8p0\LocalCache\local-packages\Python39\site-packages\django\template\response.py", line 114, in render
    self.content = self.rendered_content
  File "C:\Users\Tavonga\AppData\Local\Packages\PythonSoftwareFoundation.Python.3.9_qbz5n2kfra8p0\LocalCache\local-packages\Python39\site-packages\rest_framework\response.py", line 70, in rendered_content
    ret = renderer.render(self.data, accepted_media_type, context)
  File "C:\Users\Tavonga\AppData\Local\Packages\PythonSoftwareFoundation.Python.3.9_qbz5n2kfra8p0\LocalCache\local-packages\Python39\site-packages\rest_framework\renderers.py", line 99, in render
    ret = json.dumps(
  File "C:\Users\Tavonga\AppData\Local\Packages\PythonSoftwareFoundation.Python.3.9_qbz5n2kfra8p0\LocalCache\local-packages\Python39\site-packages\rest_framework\utils\json.py", line 25, in dumps
    return json.dumps(*args, **kwargs)
  File "C:\Program Files\WindowsApps\PythonSoftwareFoundation.Python.3.9_3.9.3568.0_x64__qbz5n2kfra8p0\lib\json\__init__.py", line 234, in dumps
    return cls(
  File "C:\Program Files\WindowsApps\PythonSoftwareFoundation.Python.3.9_3.9.3568.0_x64__qbz5n2kfra8p0\lib\json\encoder.py", line 199, in encode
    chunks = self.iterencode(o, _one_shot=True)
  File "C:\Program Files\WindowsApps\PythonSoftwareFoundation.Python.3.9_3.9.3568.0_x64__qbz5n2kfra8p0\lib\json\encoder.py", line 257, in iterencode
    return _iterencode(o, 0)
  File "C:\Users\Tavonga\AppData\Local\Packages\PythonSoftwareFoundation.Python.3.9_qbz5n2kfra8p0\LocalCache\local-packages\Python39\site-packages\rest_framework\utils\encoders.py", line 67, in default
    return super().default(obj)
  File "C:\Program Files\WindowsApps\PythonSoftwareFoundation.Python.3.9_3.9.3568.0_x64__qbz5n2kfra8p0\lib\json\encoder.py", line 179, in default
    raise TypeError(f'Object of type {o.__class__.__name__} '
TypeError: Object of type MockPoint is not JSON serializable
ERROR 2026-07-21 15:25:18,756 basehttp 27128 14492 "GET /api/items/?owner=3 HTTP/1.1" 500 131501
ERROR 2026-07-21 15:25:19,012 log 27128 11116 Internal Server Error: /api/items/
Traceback (most recent call last):
  File "C:\Users\Tavonga\AppData\Local\Packages\PythonSoftwareFoundation.Python.3.9_qbz5n2kfra8p0\LocalCache\local-packages\Python39\site-packages\django\core\handlers\exception.py", line 55, in inner
    response = get_response(request)
  File "C:\Users\Tavonga\AppData\Local\Packages\PythonSoftwareFoundation.Python.3.9_qbz5n2kfra8p0\LocalCache\local-packages\Python39\site-packages\django\core\handlers\base.py", line 220, in _get_response
    response = response.render()
  File "C:\Users\Tavonga\AppData\Local\Packages\PythonSoftwareFoundation.Python.3.9_qbz5n2kfra8p0\LocalCache\local-packages\Python39\site-packages\django\template\response.py", line 114, in render
    self.content = self.rendered_content
  File "C:\Users\Tavonga\AppData\Local\Packages\PythonSoftwareFoundation.Python.3.9_qbz5n2kfra8p0\LocalCache\local-packages\Python39\site-packages\rest_framework\response.py", line 70, in rendered_content
    ret = renderer.render(self.data, accepted_media_type, context)
  File "C:\Users\Tavonga\AppData\Local\Packages\PythonSoftwareFoundation.Python.3.9_qbz5n2kfra8p0\LocalCache\local-packages\Python39\site-packages\rest_framework\renderers.py", line 99, in render
    ret = json.dumps(
  File "C:\Users\Tavonga\AppData\Local\Packages\PythonSoftwareFoundation.Python.3.9_qbz5n2kfra8p0\LocalCache\local-packages\Python39\site-packages\rest_framework\utils\json.py", line 25, in dumps
    return json.dumps(*args, **kwargs)
  File "C:\Program Files\WindowsApps\PythonSoftwareFoundation.Python.3.9_3.9.3568.0_x64__qbz5n2kfra8p0\lib\json\__init__.py", line 234, in dumps
    return cls(
  File "C:\Program Files\WindowsApps\PythonSoftwareFoundation.Python.3.9_3.9.3568.0_x64__qbz5n2kfra8p0\lib\json\encoder.py", line 199, in encode
    chunks = self.iterencode(o, _one_shot=True)
  File "C:\Program Files\WindowsApps\PythonSoftwareFoundation.Python.3.9_3.9.3568.0_x64__qbz5n2kfra8p0\lib\json\encoder.py", line 257, in iterencode
    return _iterencode(o, 0)
  File "C:\Users\Tavonga\AppData\Local\Packages\PythonSoftwareFoundation.Python.3.9_qbz5n2kfra8p0\LocalCache\local-packages\Python39\site-packages\rest_framework\utils\encoders.py", line 67, in default
    return super().default(obj)
  File "C:\Program Files\WindowsApps\PythonSoftwareFoundation.Python.3.9_3.9.3568.0_x64__qbz5n2kfra8p0\lib\json\encoder.py", line 179, in default
    raise TypeError(f'Object of type {o.__class__.__name__} '
TypeError: Object of type MockPoint is not JSON serializable
ERROR 2026-07-21 15:25:19,020 basehttp 27128 11116 "GET /api/items/?owner=3 HTTP/1.1" 500 131515
INFO 2026-07-21 15:25:53,295 autoreload 27128 24200 C:\Users\Tavonga\Documents\Projects\NeighbourShare\backend\items\serializers.py changed, reloading.
INFO 2026-07-21 15:26:03,312 autoreload 18552 25784 Watching for file changes with StatReloader
INFO 2026-07-21 15:26:17,380 basehttp 18552 21128 "GET /api/items/?owner=3 HTTP/1.1" 200 1181
INFO 2026-07-21 15:26:17,461 basehttp 18552 21128 "GET /api/items/?owner=3 HTTP/1.1" 200 1181
INFO 2026-07-21 15:26:20,747 basehttp 18552 18088 "GET /media/items/2026/07/WhatsApp_Image_2026-07-20_at_13.25.34.jpg HTTP/1.1" 200 52397
INFO 2026-07-21 15:26:26,636 basehttp 18552 21128 "OPTIONS /api/items/64bed48e-48be-42e7-9622-c159b67d91ef/ HTTP/1.1" 200 0
INFO 2026-07-21 15:26:26,636 basehttp 18552 12928 "OPTIONS /api/items/64bed48e-48be-42e7-9622-c159b67d91ef/ HTTP/1.1" 200 0
INFO 2026-07-21 15:26:26,688 basehttp 18552 12928 "GET /api/items/64bed48e-48be-42e7-9622-c159b67d91ef/ HTTP/1.1" 200 621
INFO 2026-07-21 15:26:26,784 basehttp 18552 12928 "GET /api/items/64bed48e-48be-42e7-9622-c159b67d91ef/ HTTP/1.1" 200 621
INFO 2026-07-21 15:26:39,097 basehttp 18552 12928 "GET /api/items/?owner=3 HTTP/1.1" 200 1181
INFO 2026-07-21 15:26:39,153 basehttp 18552 12928 "GET /api/items/?owner=3 HTTP/1.1" 200 1181
INFO 2026-07-21 15:27:11,804 basehttp 18552 12928 "GET /api/items/categories/ HTTP/1.1" 200 985
INFO 2026-07-21 15:27:11,857 basehttp 18552 12928 "GET /api/items/categories/ HTTP/1.1" 200 985
INFO 2026-07-21 15:27:11,907 basehttp 18552 21128 "GET /api/items/search/?lat=-17.7833&lng=31.05&radius_km=5&sort=distance HTTP/1.1" 200 127
INFO 2026-07-21 15:27:12,014 basehttp 18552 21128 "GET /api/items/search/?lat=-17.7833&lng=31.05&radius_km=5&sort=distance HTTP/1.1" 200 127
INFO 2026-07-21 15:27:18,286 basehttp 18552 21128 "GET /api/items/search/?lat=-17.7833&lng=31.05&radius_km=10&sort=distance HTTP/1.1" 200 129
INFO 2026-07-21 15:27:23,065 basehttp 18552 21128 "GET /api/items/categories/ HTTP/1.1" 200 985
INFO 2026-07-21 15:27:23,170 basehttp 18552 12928 "GET /api/items/search/?lat=-17.7833&lng=31.05&radius_km=5&sort=distance HTTP/1.1" 200 127
INFO 2026-07-21 15:27:23,184 basehttp 18552 21128 "GET /api/items/categories/ HTTP/1.1" 200 985
INFO 2026-07-21 15:27:23,228 basehttp 18552 12928 "GET /api/items/search/?lat=-17.7833&lng=31.05&radius_km=5&sort=distance HTTP/1.1" 200 127
INFO 2026-07-21 15:27:26,933 basehttp 18552 12928 "GET /api/users/3/profile/ HTTP/1.1" 200 259
INFO 2026-07-21 15:27:26,955 basehttp 18552 21128 "GET /api/items/?owner=3 HTTP/1.1" 200 1181
INFO 2026-07-21 15:27:27,011 basehttp 18552 21128 "GET /api/users/3/profile/ HTTP/1.1" 200 259
INFO 2026-07-21 15:27:27,011 basehttp 18552 12928 "GET /api/transactions/?user_id=3 HTTP/1.1" 200 52
INFO 2026-07-21 15:27:27,110 basehttp 18552 21128 "GET /api/items/?owner=3 HTTP/1.1" 200 1181
INFO 2026-07-21 15:27:27,111 basehttp 18552 12928 "GET /api/transactions/?user_id=3 HTTP/1.1" 200 52
INFO 2026-07-21 15:27:28,553 basehttp 18552 18088 "GET /media/items/2026/07/WhatsApp_Image_2026-07-20_at_13.25.34.jpg HTTP/1.1" 304 0
INFO 2026-07-21 15:28:36,172 autoreload 18552 25784 C:\Users\Tavonga\Documents\Projects\NeighbourShare\backend\transactions\views.py changed, reloading.
INFO 2026-07-21 15:28:45,712 autoreload 15488 16136 Watching for file changes with StatReloader
INFO 2026-07-21 15:29:29,316 basehttp 15488 6992 "GET /api/users/3/profile/ HTTP/1.1" 200 259
INFO 2026-07-21 15:29:29,344 basehttp 15488 18132 "GET /api/transactions/?user_id=3 HTTP/1.1" 200 52
INFO 2026-07-21 15:29:29,368 basehttp 15488 20112 "GET /api/items/?owner=3 HTTP/1.1" 200 1181
INFO 2026-07-21 15:29:29,438 basehttp 15488 18284 "GET /api/users/3/profile/ HTTP/1.1" 200 259
INFO 2026-07-21 15:29:29,476 basehttp 15488 6992 "GET /api/transactions/?user_id=3 HTTP/1.1" 200 52
INFO 2026-07-21 15:29:29,506 basehttp 15488 20112 "GET /api/items/?owner=3 HTTP/1.1" 200 1181
INFO 2026-07-21 15:29:32,251 basehttp 15488 10516 "GET /media/items/2026/07/WhatsApp_Image_2026-07-20_at_13.25.34.jpg HTTP/1.1" 304 0
INFO 2026-07-21 15:30:19,317 autoreload 15488 16136 C:\Users\Tavonga\Documents\Projects\NeighbourShare\backend\items\serializers.py changed, reloading.
INFO 2026-07-21 15:30:28,565 autoreload 21728 23692 Watching for file changes with StatReloader
INFO 2026-07-21 15:31:08,791 basehttp 21728 21168 "OPTIONS /api/auth/refresh HTTP/1.1" 200 0
INFO 2026-07-21 15:31:08,792 basehttp 21728 17652 "OPTIONS /api/auth/refresh HTTP/1.1" 200 0
WARNING 2026-07-21 15:31:09,009 log 21728 17652 Unauthorized: /api/auth/refresh
WARNING 2026-07-21 15:31:09,011 log 21728 21168 Unauthorized: /api/auth/refresh
WARNING 2026-07-21 15:31:09,014 basehttp 21728 17652 "POST /api/auth/refresh HTTP/1.1" 401 269
WARNING 2026-07-21 15:31:09,017 basehttp 21728 21168 "POST /api/auth/refresh HTTP/1.1" 401 269
WARNING 2026-07-21 15:31:09,121 log 21728 17652 Not Found: /api/auth/refresh/
WARNING 2026-07-21 15:31:09,128 log 21728 21168 Not Found: /api/auth/refresh/
WARNING 2026-07-21 15:31:09,128 basehttp 21728 17652 "POST /api/auth/refresh/ HTTP/1.1" 404 3904
WARNING 2026-07-21 15:31:09,135 basehttp 21728 21168 "POST /api/auth/refresh/ HTTP/1.1" 404 3904
INFO 2026-07-21 15:31:12,454 basehttp 21728 21168 "POST /api/auth/login HTTP/1.1" 200 839
INFO 2026-07-21 15:31:12,580 basehttp 21728 21168 "GET /api/items/categories/ HTTP/1.1" 200 985
INFO 2026-07-21 15:31:12,612 basehttp 21728 17652 "GET /api/items/search/?lat=-17.7833&lng=31.05&radius_km=5&sort=distance HTTP/1.1" 200 127
INFO 2026-07-21 15:31:12,660 basehttp 21728 21168 "GET /api/items/categories/ HTTP/1.1" 200 985
INFO 2026-07-21 15:31:12,679 basehttp 21728 17652 "GET /api/items/search/?lat=-17.7833&lng=31.05&radius_km=5&sort=distance HTTP/1.1" 200 127
INFO 2026-07-21 15:31:18,670 basehttp 21728 17652 "GET /api/users/3/profile/ HTTP/1.1" 200 259
INFO 2026-07-21 15:31:18,716 basehttp 21728 22020 "GET /api/transactions/?user_id=3 HTTP/1.1" 200 52
INFO 2026-07-21 15:31:18,723 basehttp 21728 21168 "GET /api/items/?owner=3 HTTP/1.1" 200 1181
INFO 2026-07-21 15:31:18,768 basehttp 21728 17652 "GET /api/users/3/profile/ HTTP/1.1" 200 259
INFO 2026-07-21 15:31:18,827 basehttp 21728 22020 "GET /api/transactions/?user_id=3 HTTP/1.1" 200 52
INFO 2026-07-21 15:31:18,837 basehttp 21728 21168 "GET /api/items/?owner=3 HTTP/1.1" 200 1181
INFO 2026-07-21 15:31:20,706 basehttp 21728 24204 "GET /media/items/2026/07/WhatsApp_Image_2026-07-20_at_13.25.34.jpg HTTP/1.1" 304 0
INFO 2026-07-21 15:31:25,373 basehttp 21728 21168 "OPTIONS /api/items/33757a7b-39a7-455e-9ab4-2297496d1a28/ HTTP/1.1" 200 0
INFO 2026-07-21 15:31:25,374 basehttp 21728 22020 "OPTIONS /api/items/33757a7b-39a7-455e-9ab4-2297496d1a28/ HTTP/1.1" 200 0
INFO 2026-07-21 15:31:25,472 basehttp 21728 22020 "GET /api/items/33757a7b-39a7-455e-9ab4-2297496d1a28/ HTTP/1.1" 200 507
INFO 2026-07-21 15:31:25,538 basehttp 21728 22020 "GET /api/items/33757a7b-39a7-455e-9ab4-2297496d1a28/ HTTP/1.1" 200 507
INFO 2026-07-21 15:31:33,462 basehttp 21728 17652 "GET /api/transactions/?user_id=3 HTTP/1.1" 200 52
INFO 2026-07-21 15:31:33,497 basehttp 21728 21168 "GET /api/items/?owner=3 HTTP/1.1" 200 1181
INFO 2026-07-21 15:31:33,526 basehttp 21728 22020 "GET /api/users/3/profile/ HTTP/1.1" 200 259
INFO 2026-07-21 15:31:33,534 basehttp 21728 17652 "GET /api/transactions/?user_id=3 HTTP/1.1" 200 52
INFO 2026-07-21 15:31:33,601 basehttp 21728 21168 "GET /api/items/?owner=3 HTTP/1.1" 200 1181
INFO 2026-07-21 15:31:33,631 basehttp 21728 22020 "GET /api/users/3/profile/ HTTP/1.1" 200 259
INFO 2026-07-21 15:34:28,525 basehttp 21728 17652 "GET /api/transactions/?user_id=3 HTTP/1.1" 200 52
INFO 2026-07-21 15:34:28,581 basehttp 21728 21168 "GET /api/items/?owner=3 HTTP/1.1" 200 1179
INFO 2026-07-21 15:34:28,582 basehttp 21728 22020 "GET /api/users/3/profile/ HTTP/1.1" 200 259
INFO 2026-07-21 15:34:28,634 basehttp 21728 17652 "GET /api/transactions/?user_id=3 HTTP/1.1" 200 52
INFO 2026-07-21 15:34:28,706 basehttp 21728 21168 "GET /api/items/?owner=3 HTTP/1.1" 200 1179
INFO 2026-07-21 15:34:28,706 basehttp 21728 22020 "GET /api/users/3/profile/ HTTP/1.1" 200 259
INFO 2026-07-21 15:34:31,343 basehttp 21728 24204 "GET /media/items/2026/07/WhatsApp_Image_2026-07-20_at_13.25.34.jpg HTTP/1.1" 304 0
INFO 2026-07-21 15:34:58,514 basehttp 21728 22020 "OPTIONS /api/users/me/ HTTP/1.1" 200 0
WARNING 2026-07-21 15:34:58,542 log 21728 22020 Method Not Allowed: /api/users/me/
WARNING 2026-07-21 15:34:58,544 basehttp 21728 22020 "PATCH /api/users/me/ HTTP/1.1" 405 117
WARNING 2026-07-21 15:35:01,697 log 21728 22020 Method Not Allowed: /api/users/me/
WARNING 2026-07-21 15:35:01,701 basehttp 21728 22020 "PATCH /api/users/me/ HTTP/1.1" 405 117
WARNING 2026-07-21 15:35:02,220 log 21728 22020 Method Not Allowed: /api/users/me/
WARNING 2026-07-21 15:35:02,222 basehttp 21728 22020 "PATCH /api/users/me/ HTTP/1.1" 405 117
WARNING 2026-07-21 15:35:02,437 log 21728 22020 Method Not Allowed: /api/users/me/
WARNING 2026-07-21 15:35:02,442 basehttp 21728 22020 "PATCH /api/users/me/ HTTP/1.1" 405 117
WARNING 2026-07-21 15:35:04,036 log 21728 22020 Method Not Allowed: /api/users/me/
WARNING 2026-07-21 15:35:04,040 basehttp 21728 22020 "PATCH /api/users/me/ HTTP/1.1" 405 117
WARNING 2026-07-21 15:35:04,251 log 21728 22020 Method Not Allowed: /api/users/me/
WARNING 2026-07-21 15:35:04,254 basehttp 21728 22020 "PATCH /api/users/me/ HTTP/1.1" 405 117
WARNING 2026-07-21 15:35:04,432 log 21728 22020 Method Not Allowed: /api/users/me/
WARNING 2026-07-21 15:35:04,434 basehttp 21728 22020 "PATCH /api/users/me/ HTTP/1.1" 405 117
WARNING 2026-07-21 15:35:06,349 log 21728 22020 Method Not Allowed: /api/users/me/
WARNING 2026-07-21 15:35:06,351 basehttp 21728 22020 "PATCH /api/users/me/ HTTP/1.1" 405 117
WARNING 2026-07-21 15:35:06,570 log 21728 22020 Method Not Allowed: /api/users/me/
WARNING 2026-07-21 15:35:06,573 basehttp 21728 22020 "PATCH /api/users/me/ HTTP/1.1" 405 117
WARNING 2026-07-21 15:35:06,738 log 21728 22020 Method Not Allowed: /api/users/me/
WARNING 2026-07-21 15:35:06,739 basehttp 21728 22020 "PATCH /api/users/me/ HTTP/1.1" 405 117
WARNING 2026-07-21 15:35:07,594 log 21728 22020 Method Not Allowed: /api/users/me/
WARNING 2026-07-21 15:35:07,598 basehttp 21728 22020 "PATCH /api/users/me/ HTTP/1.1" 405 117
WARNING 2026-07-21 15:35:07,802 log 21728 22020 Method Not Allowed: /api/users/me/
WARNING 2026-07-21 15:35:07,804 basehttp 21728 22020 "PATCH /api/users/me/ HTTP/1.1" 405 117
WARNING 2026-07-21 15:35:08,379 log 21728 22020 Method Not Allowed: /api/users/me/
WARNING 2026-07-21 15:35:08,381 basehttp 21728 22020 "PATCH /api/users/me/ HTTP/1.1" 405 117
WARNING 2026-07-21 15:35:08,578 log 21728 22020 Method Not Allowed: /api/users/me/
WARNING 2026-07-21 15:35:08,582 basehttp 21728 22020 "PATCH /api/users/me/ HTTP/1.1" 405 117
WARNING 2026-07-21 15:35:11,362 log 21728 22020 Method Not Allowed: /api/users/me/
WARNING 2026-07-21 15:35:11,366 basehttp 21728 22020 "PATCH /api/users/me/ HTTP/1.1" 405 117
WARNING 2026-07-21 15:35:11,877 log 21728 22020 Method Not Allowed: /api/users/me/
WARNING 2026-07-21 15:35:11,880 basehttp 21728 22020 "PATCH /api/users/me/ HTTP/1.1" 405 117
WARNING 2026-07-21 15:35:13,437 log 21728 22020 Method Not Allowed: /api/users/me/
WARNING 2026-07-21 15:35:13,440 basehttp 21728 22020 "PATCH /api/users/me/ HTTP/1.1" 405 117
INFO 2026-07-21 15:36:59,428 basehttp 21728 22020 "GET /api/users/3/profile/ HTTP/1.1" 200 259
INFO 2026-07-21 15:36:59,450 basehttp 21728 17652 "GET /api/transactions/?user_id=3 HTTP/1.1" 200 52
INFO 2026-07-21 15:36:59,460 basehttp 21728 21168 "GET /api/items/?owner=3 HTTP/1.1" 200 1179
INFO 2026-07-21 15:37:34,621 autoreload 21728 23692 C:\Users\Tavonga\Documents\Projects\NeighbourShare\backend\users\views.py changed, reloading.
INFO 2026-07-21 15:37:44,227 autoreload 22904 18868 Watching for file changes with StatReloader
WARNING 2026-07-21 15:38:09,470 log 22904 21460 Method Not Allowed: /api/users/me/
WARNING 2026-07-21 15:38:09,471 basehttp 22904 21460 "PATCH /api/users/me/ HTTP/1.1" 405 117
WARNING 2026-07-21 15:38:11,433 log 22904 21460 Method Not Allowed: /api/users/me/
WARNING 2026-07-21 15:38:11,437 basehttp 22904 21460 "PATCH /api/users/me/ HTTP/1.1" 405 117
INFO 2026-07-21 15:39:02,117 autoreload 22904 18868 C:\Users\Tavonga\Documents\Projects\NeighbourShare\backend\users\profile_urls.py changed, reloading.
INFO 2026-07-21 15:39:11,305 autoreload 2116 22168 Watching for file changes with StatReloader
INFO 2026-07-21 15:39:19,361 autoreload 2116 22168 C:\Users\Tavonga\Documents\Projects\NeighbourShare\backend\users\profile_urls.py changed, reloading.
INFO 2026-07-21 15:39:28,823 autoreload 23080 5712 Watching for file changes with StatReloader
INFO 2026-07-21 15:39:42,851 basehttp 23080 23988 "PATCH /api/users/me/ HTTP/1.1" 200 348
INFO 2026-07-21 15:39:42,948 basehttp 23080 23988 "GET /api/users/3/profile/ HTTP/1.1" 200 259
INFO 2026-07-21 15:39:42,983 basehttp 23080 18120 "GET /api/items/?owner=3 HTTP/1.1" 200 1179
INFO 2026-07-21 15:39:43,001 basehttp 23080 23988 "GET /api/transactions/?user_id=3 HTTP/1.1" 200 52
INFO 2026-07-21 15:39:49,164 basehttp 23080 23988 "PATCH /api/users/me/ HTTP/1.1" 200 348
INFO 2026-07-21 15:39:49,250 basehttp 23080 23988 "GET /api/users/3/profile/ HTTP/1.1" 200 259
INFO 2026-07-21 15:39:49,256 basehttp 23080 23920 "GET /api/transactions/?user_id=3 HTTP/1.1" 200 52
INFO 2026-07-21 15:39:49,274 basehttp 23080 18120 "GET /api/items/?owner=3 HTTP/1.1" 200 1179
INFO 2026-07-21 15:40:45,818 autoreload 23080 5712 C:\Users\Tavonga\Documents\Projects\NeighbourShare\backend\users\serializers.py changed, reloading.
INFO 2026-07-21 15:40:55,321 autoreload 23928 13664 Watching for file changes with StatReloader
INFO 2026-07-21 15:41:04,391 autoreload 23928 13664 C:\Users\Tavonga\Documents\Projects\NeighbourShare\backend\users\serializers.py changed, reloading.
INFO 2026-07-21 15:41:13,392 autoreload 17860 18684 Watching for file changes with StatReloader
INFO 2026-07-21 15:41:33,495 autoreload 17860 18684 C:\Users\Tavonga\Documents\Projects\NeighbourShare\backend\users\serializers.py changed, reloading.
INFO 2026-07-21 15:41:44,026 autoreload 18068 11704 Watching for file changes with StatReloader
INFO 2026-07-21 15:42:00,508 basehttp 18068 17076 "GET /api/users/3/profile/ HTTP/1.1" 200 304
INFO 2026-07-21 15:42:00,527 basehttp 18068 21992 "GET /api/transactions/?user_id=3 HTTP/1.1" 200 52
INFO 2026-07-21 15:42:00,560 basehttp 18068 18596 "GET /api/users/3/profile/ HTTP/1.1" 200 304
INFO 2026-07-21 15:42:00,564 basehttp 18068 18332 "GET /api/items/?owner=3 HTTP/1.1" 200 1179
INFO 2026-07-21 15:42:00,643 basehttp 18068 17076 "GET /api/transactions/?user_id=3 HTTP/1.1" 200 52
INFO 2026-07-21 15:42:00,673 basehttp 18068 18332 "GET /api/items/?owner=3 HTTP/1.1" 200 1179
INFO 2026-07-21 15:44:55,387 basehttp 18068 18332 "GET /api/users/3/profile/ HTTP/1.1" 200 304
INFO 2026-07-21 15:44:55,417 basehttp 18068 18596 "GET /api/transactions/?user_id=3 HTTP/1.1" 200 52
INFO 2026-07-21 15:44:55,436 basehttp 18068 17076 "GET /api/items/?owner=3 HTTP/1.1" 200 1179
WARNING 2026-07-21 15:48:20,230 log 18068 17076 Unauthorized: /api/auth/refresh
WARNING 2026-07-21 15:48:20,232 log 18068 18596 Unauthorized: /api/auth/refresh
WARNING 2026-07-21 15:48:20,235 basehttp 18068 17076 "POST /api/auth/refresh HTTP/1.1" 401 269
WARNING 2026-07-21 15:48:20,247 basehttp 18068 18596 "POST /api/auth/refresh HTTP/1.1" 401 269
WARNING 2026-07-21 15:48:20,426 log 18068 17076 Not Found: /api/auth/refresh/
WARNING 2026-07-21 15:48:20,437 log 18068 18596 Not Found: /api/auth/refresh/
WARNING 2026-07-21 15:48:20,439 basehttp 18068 17076 "POST /api/auth/refresh/ HTTP/1.1" 404 3904
WARNING 2026-07-21 15:48:20,447 basehttp 18068 18596 "POST /api/auth/refresh/ HTTP/1.1" 404 3904
INFO 2026-07-21 15:48:24,614 basehttp 18068 18596 "POST /api/auth/login HTTP/1.1" 200 884
INFO 2026-07-21 15:48:24,796 basehttp 18068 18596 "GET /api/items/categories/ HTTP/1.1" 200 985
ERROR 2026-07-21 15:48:24,819 exceptions 18068 17076 Unhandled exception
Traceback (most recent call last):
  File "C:\Users\Tavonga\AppData\Local\Packages\PythonSoftwareFoundation.Python.3.9_qbz5n2kfra8p0\LocalCache\local-packages\Python39\site-packages\rest_framework\views.py", line 506, in dispatch
    response = handler(request, *args, **kwargs)
  File "C:\Users\Tavonga\Documents\Projects\NeighbourShare\backend\items\views.py", line 104, in search
    data = serializer.data
  File "C:\Users\Tavonga\AppData\Local\Packages\PythonSoftwareFoundation.Python.3.9_qbz5n2kfra8p0\LocalCache\local-packages\Python39\site-packages\rest_framework\serializers.py", line 768, in data
    ret = super().data
  File "C:\Users\Tavonga\AppData\Local\Packages\PythonSoftwareFoundation.Python.3.9_qbz5n2kfra8p0\LocalCache\local-packages\Python39\site-packages\rest_framework\serializers.py", line 253, in data
    self._data = self.to_representation(self.instance)
  File "C:\Users\Tavonga\AppData\Local\Packages\PythonSoftwareFoundation.Python.3.9_qbz5n2kfra8p0\LocalCache\local-packages\Python39\site-packages\rest_framework\serializers.py", line 686, in to_representation
    return [
  File "C:\Users\Tavonga\AppData\Local\Packages\PythonSoftwareFoundation.Python.3.9_qbz5n2kfra8p0\LocalCache\local-packages\Python39\site-packages\rest_framework\serializers.py", line 687, in <listcomp>
    self.child.to_representation(item) for item in iterable
  File "C:\Users\Tavonga\AppData\Local\Packages\PythonSoftwareFoundation.Python.3.9_qbz5n2kfra8p0\LocalCache\local-packages\Python39\site-packages\rest_framework\serializers.py", line 522, in to_representation
    ret[field.field_name] = field.to_representation(attribute)
  File "C:\Users\Tavonga\AppData\Local\Packages\PythonSoftwareFoundation.Python.3.9_qbz5n2kfra8p0\LocalCache\local-packages\Python39\site-packages\rest_framework\fields.py", line 1838, in to_representation
    return method(value)
  File "C:\Users\Tavonga\Documents\Projects\NeighbourShare\backend\items\serializers.py", line 44, in get_distance_km
    return round(obj.distance.km, 2)
AttributeError: 'float' object has no attribute 'km'
INFO 2026-07-21 15:48:24,824 basehttp 18068 18596 "GET /api/items/categories/ HTTP/1.1" 200 985
ERROR 2026-07-21 15:48:25,176 log 18068 17076 Internal Server Error: /api/items/search/
ERROR 2026-07-21 15:48:25,184 basehttp 18068 17076 "GET /api/items/search/?lat=-17.7833&lng=31.05&radius_km=5&sort=distance HTTP/1.1" 500 68
ERROR 2026-07-21 15:48:25,227 exceptions 18068 17076 Unhandled exception
Traceback (most recent call last):
  File "C:\Users\Tavonga\AppData\Local\Packages\PythonSoftwareFoundation.Python.3.9_qbz5n2kfra8p0\LocalCache\local-packages\Python39\site-packages\rest_framework\views.py", line 506, in dispatch
    response = handler(request, *args, **kwargs)
  File "C:\Users\Tavonga\Documents\Projects\NeighbourShare\backend\items\views.py", line 104, in search
    data = serializer.data
  File "C:\Users\Tavonga\AppData\Local\Packages\PythonSoftwareFoundation.Python.3.9_qbz5n2kfra8p0\LocalCache\local-packages\Python39\site-packages\rest_framework\serializers.py", line 768, in data
    ret = super().data
  File "C:\Users\Tavonga\AppData\Local\Packages\PythonSoftwareFoundation.Python.3.9_qbz5n2kfra8p0\LocalCache\local-packages\Python39\site-packages\rest_framework\serializers.py", line 253, in data
    self._data = self.to_representation(self.instance)
  File "C:\Users\Tavonga\AppData\Local\Packages\PythonSoftwareFoundation.Python.3.9_qbz5n2kfra8p0\LocalCache\local-packages\Python39\site-packages\rest_framework\serializers.py", line 686, in to_representation
    return [
  File "C:\Users\Tavonga\AppData\Local\Packages\PythonSoftwareFoundation.Python.3.9_qbz5n2kfra8p0\LocalCache\local-packages\Python39\site-packages\rest_framework\serializers.py", line 687, in <listcomp>
    self.child.to_representation(item) for item in iterable
  File "C:\Users\Tavonga\AppData\Local\Packages\PythonSoftwareFoundation.Python.3.9_qbz5n2kfra8p0\LocalCache\local-packages\Python39\site-packages\rest_framework\serializers.py", line 522, in to_representation
    ret[field.field_name] = field.to_representation(attribute)
  File "C:\Users\Tavonga\AppData\Local\Packages\PythonSoftwareFoundation.Python.3.9_qbz5n2kfra8p0\LocalCache\local-packages\Python39\site-packages\rest_framework\fields.py", line 1838, in to_representation
    return method(value)
  File "C:\Users\Tavonga\Documents\Projects\NeighbourShare\backend\items\serializers.py", line 44, in get_distance_km
    return round(obj.distance.km, 2)
AttributeError: 'float' object has no attribute 'km'
ERROR 2026-07-21 15:48:25,241 log 18068 17076 Internal Server Error: /api/items/search/
ERROR 2026-07-21 15:48:25,245 basehttp 18068 17076 "GET /api/items/search/?lat=-17.7833&lng=31.05&radius_km=5&sort=distance HTTP/1.1" 500 68
ERROR 2026-07-21 15:49:43,230 exceptions 18068 17076 Unhandled exception
Traceback (most recent call last):
  File "C:\Users\Tavonga\AppData\Local\Packages\PythonSoftwareFoundation.Python.3.9_qbz5n2kfra8p0\LocalCache\local-packages\Python39\site-packages\rest_framework\views.py", line 506, in dispatch
    response = handler(request, *args, **kwargs)
  File "C:\Users\Tavonga\Documents\Projects\NeighbourShare\backend\items\views.py", line 104, in search
    data = serializer.data
  File "C:\Users\Tavonga\AppData\Local\Packages\PythonSoftwareFoundation.Python.3.9_qbz5n2kfra8p0\LocalCache\local-packages\Python39\site-packages\rest_framework\serializers.py", line 768, in data
    ret = super().data
  File "C:\Users\Tavonga\AppData\Local\Packages\PythonSoftwareFoundation.Python.3.9_qbz5n2kfra8p0\LocalCache\local-packages\Python39\site-packages\rest_framework\serializers.py", line 253, in data
    self._data = self.to_representation(self.instance)
  File "C:\Users\Tavonga\AppData\Local\Packages\PythonSoftwareFoundation.Python.3.9_qbz5n2kfra8p0\LocalCache\local-packages\Python39\site-packages\rest_framework\serializers.py", line 686, in to_representation
    return [
  File "C:\Users\Tavonga\AppData\Local\Packages\PythonSoftwareFoundation.Python.3.9_qbz5n2kfra8p0\LocalCache\local-packages\Python39\site-packages\rest_framework\serializers.py", line 687, in <listcomp>
    self.child.to_representation(item) for item in iterable
  File "C:\Users\Tavonga\AppData\Local\Packages\PythonSoftwareFoundation.Python.3.9_qbz5n2kfra8p0\LocalCache\local-packages\Python39\site-packages\rest_framework\serializers.py", line 522, in to_representation
    ret[field.field_name] = field.to_representation(attribute)
  File "C:\Users\Tavonga\AppData\Local\Packages\PythonSoftwareFoundation.Python.3.9_qbz5n2kfra8p0\LocalCache\local-packages\Python39\site-packages\rest_framework\fields.py", line 1838, in to_representation
    return method(value)
  File "C:\Users\Tavonga\Documents\Projects\NeighbourShare\backend\items\serializers.py", line 44, in get_distance_km
    return round(obj.distance.km, 2)
AttributeError: 'float' object has no attribute 'km'
ERROR 2026-07-21 15:49:43,236 log 18068 17076 Internal Server Error: /api/items/search/
ERROR 2026-07-21 15:49:43,239 basehttp 18068 17076 "GET /api/items/search/?lat=-17.7833&lng=31.05&radius_km=5&sort=distance HTTP/1.1" 500 68
INFO 2026-07-21 15:50:43,307 autoreload 18068 11704 C:\Users\Tavonga\Documents\Projects\NeighbourShare\backend\items\serializers.py changed, reloading.
INFO 2026-07-21 15:50:52,175 autoreload 27488 27168 Watching for file changes with StatReloader
ERROR 2026-07-21 15:51:17,213 exceptions 27488 19824 Unhandled exception
Traceback (most recent call last):
  File "C:\Users\Tavonga\AppData\Local\Packages\PythonSoftwareFoundation.Python.3.9_qbz5n2kfra8p0\LocalCache\local-packages\Python39\site-packages\rest_framework\views.py", line 506, in dispatch
    response = handler(request, *args, **kwargs)
  File "C:\Users\Tavonga\Documents\Projects\NeighbourShare\backend\items\views.py", line 110, in search
    'features': [
  File "C:\Users\Tavonga\Documents\Projects\NeighbourShare\backend\items\views.py", line 115, in <listcomp>
    'coordinates': [item.location.x, item.location.y],
AttributeError: 'collections.OrderedDict' object has no attribute 'location'
ERROR 2026-07-21 15:51:17,222 log 27488 19824 Internal Server Error: /api/items/search/
ERROR 2026-07-21 15:51:17,228 basehttp 27488 19824 "GET /api/items/search/?lat=-17.7833&lng=31.05&radius_km=5&sort=distance HTTP/1.1" 500 68
INFO 2026-07-21 15:51:49,804 autoreload 27488 27168 C:\Users\Tavonga\Documents\Projects\NeighbourShare\backend\items\views.py changed, reloading.
INFO 2026-07-21 15:51:59,197 autoreload 16980 15568 Watching for file changes with StatReloader
INFO 2026-07-21 15:52:25,101 basehttp 16980 22808 "GET /api/items/search/?lat=-17.7833&lng=31.05&radius_km=5&sort=distance HTTP/1.1" 200 1451
INFO 2026-07-21 15:52:25,485 basehttp 16980 17132 "GET /media/items/2026/07/WhatsApp_Image_2026-07-20_at_13.25.34.jpg HTTP/1.1" 304 0
INFO 2026-07-21 15:56:09,319 autoreload 16980 15568 C:\Users\Tavonga\Documents\Projects\NeighbourShare\backend\items\views.py changed, reloading.
INFO 2026-07-21 15:56:19,997 autoreload 18836 20520 Watching for file changes with StatReloader
INFO 2026-07-21 15:56:41,873 basehttp 18836 24332 "GET /api/items/categories/ HTTP/1.1" 200 985
INFO 2026-07-21 15:56:41,928 basehttp 18836 21816 "GET /api/items/search/?lat=-17.7833&lng=31.05&radius_km=5&sort=distance HTTP/1.1" 200 1451
INFO 2026-07-21 15:56:41,968 basehttp 18836 24332 "GET /api/items/categories/ HTTP/1.1" 200 985
INFO 2026-07-21 15:56:41,995 basehttp 18836 21816 "GET /api/items/search/?lat=-17.7833&lng=31.05&radius_km=5&sort=distance HTTP/1.1" 200 1451
INFO 2026-07-21 15:56:42,381 basehttp 18836 16116 "GET /media/items/2026/07/WhatsApp_Image_2026-07-20_at_13.25.34.jpg HTTP/1.1" 304 0
INFO 2026-07-21 15:56:59,758 basehttp 18836 21816 "GET /api/items/categories/ HTTP/1.1" 200 985
INFO 2026-07-21 15:56:59,886 basehttp 18836 21816 "GET /api/items/search/?lat=-17.7833&lng=31.05&radius_km=5&sort=distance HTTP/1.1" 200 1451
INFO 2026-07-21 15:57:34,957 basehttp 18836 21816 "OPTIONS /api/items/search?lat=-17.78334333838028&lng=31.050109863281254&radius_km=5&sort=distance HTTP/1.1" 200 0
INFO 2026-07-21 15:57:35,066 basehttp 18836 21816 "GET /api/items/search?lat=-17.78334333838028&lng=31.050109863281254&radius_km=5&sort=distance HTTP/1.1" 301 0
INFO 2026-07-21 15:57:35,077 basehttp 18836 24332 "OPTIONS /api/items/search/?lat=-17.78334333838028&lng=31.050109863281254&radius_km=5&sort=distance HTTP/1.1" 200 0
INFO 2026-07-21 15:57:35,162 basehttp 18836 24332 "GET /api/items/search/?lat=-17.78334333838028&lng=31.050109863281254&radius_km=5&sort=distance HTTP/1.1" 200 1474
INFO 2026-07-21 15:57:36,773 basehttp 18836 24332 "OPTIONS /api/items/search?lat=-17.783261608815994&lng=31.050109863281254&radius_km=5&sort=distance HTTP/1.1" 200 0
INFO 2026-07-21 15:57:36,839 basehttp 18836 24332 "GET /api/items/search?lat=-17.783261608815994&lng=31.050109863281254&radius_km=5&sort=distance HTTP/1.1" 301 0
INFO 2026-07-21 15:57:36,852 basehttp 18836 23084 "OPTIONS /api/items/search/?lat=-17.783261608815994&lng=31.050109863281254&radius_km=5&sort=distance HTTP/1.1" 200 0
INFO 2026-07-21 15:57:36,941 basehttp 18836 23084 "GET /api/items/search/?lat=-17.783261608815994&lng=31.050109863281254&radius_km=5&sort=distance HTTP/1.1" 200 1475
INFO 2026-07-22 07:28:06,950 basehttp 18836 22604 "OPTIONS /api/items/search?lat=-17.7833&lng=31.05&radius_km=5&sort=distance HTTP/1.1" 200 0
INFO 2026-07-22 07:28:06,982 basehttp 18836 22604 "OPTIONS /api/auth/refresh HTTP/1.1" 200 0
INFO 2026-07-22 07:28:06,999 basehttp 18836 22788 "OPTIONS /api/items/categories/ HTTP/1.1" 200 0
INFO 2026-07-22 07:28:07,040 basehttp 18836 27076 "OPTIONS /api/items/search?lat=-17.7833&lng=31.05&radius_km=5&sort=distance HTTP/1.1" 200 0
WARNING 2026-07-22 07:28:07,073 log 18836 22604 Unauthorized: /api/auth/refresh
INFO 2026-07-22 07:28:07,074 basehttp 18836 9892 "OPTIONS /api/items/categories/ HTTP/1.1" 200 0
WARNING 2026-07-22 07:28:07,077 log 18836 22788 Unauthorized: /api/items/categories/
INFO 2026-07-22 07:28:07,094 basehttp 18836 15804 "OPTIONS /api/auth/refresh HTTP/1.1" 200 0
WARNING 2026-07-22 07:28:07,097 basehttp 18836 22604 "POST /api/auth/refresh HTTP/1.1" 401 269
INFO 2026-07-22 07:28:07,112 basehttp 18836 27076 "OPTIONS /api/items/search/?lat=-17.7833&lng=31.05&radius_km=5&sort=distance HTTP/1.1" 200 0
WARNING 2026-07-22 07:28:07,131 basehttp 18836 22788 "GET /api/items/categories/ HTTP/1.1" 401 269
WARNING 2026-07-22 07:28:07,150 log 18836 15804 Unauthorized: /api/auth/refresh
INFO 2026-07-22 07:28:07,150 basehttp 18836 8276 "OPTIONS /api/items/search/?lat=-17.7833&lng=31.05&radius_km=5&sort=distance HTTP/1.1" 200 0
INFO 2026-07-22 07:28:07,161 basehttp 18836 22604 "OPTIONS /api/auth/refresh/ HTTP/1.1" 200 0
WARNING 2026-07-22 07:28:07,177 log 18836 27076 Unauthorized: /api/items/search/
WARNING 2026-07-22 07:28:07,235 log 18836 22788 Unauthorized: /api/items/categories/
WARNING 2026-07-22 07:28:07,240 basehttp 18836 15804 "POST /api/auth/refresh HTTP/1.1" 401 269
WARNING 2026-07-22 07:28:07,280 basehttp 18836 27076 "GET /api/items/search/?lat=-17.7833&lng=31.05&radius_km=5&sort=distance HTTP/1.1" 401 269
WARNING 2026-07-22 07:28:07,299 basehttp 18836 22788 "GET /api/items/categories/ HTTP/1.1" 401 269
WARNING 2026-07-22 07:28:07,409 log 18836 27076 Unauthorized: /api/items/search/
WARNING 2026-07-22 07:28:07,464 basehttp 18836 27076 "GET /api/items/search/?lat=-17.7833&lng=31.05&radius_km=5&sort=distance HTTP/1.1" 401 269
WARNING 2026-07-22 07:28:07,513 log 18836 22604 Not Found: /api/auth/refresh/
WARNING 2026-07-22 07:28:07,517 log 18836 15804 Not Found: /api/auth/refresh/
WARNING 2026-07-22 07:28:07,531 basehttp 18836 22604 "POST /api/auth/refresh/ HTTP/1.1" 404 3904
WARNING 2026-07-22 07:28:07,544 basehttp 18836 15804 "POST /api/auth/refresh/ HTTP/1.1" 404 3904
INFO 2026-07-22 07:29:15,096 basehttp 18836 15804 "OPTIONS /api/auth/login HTTP/1.1" 200 0
INFO 2026-07-22 07:29:15,728 basehttp 18836 15804 "POST /api/auth/login HTTP/1.1" 200 884
INFO 2026-07-22 07:29:15,878 basehttp 18836 15804 "GET /api/items/categories/ HTTP/1.1" 200 985
INFO 2026-07-22 07:29:15,906 basehttp 18836 22604 "GET /api/items/search/?lat=-17.7833&lng=31.05&radius_km=5&sort=distance HTTP/1.1" 200 1451
INFO 2026-07-22 07:29:15,945 basehttp 18836 15804 "GET /api/items/categories/ HTTP/1.1" 200 985
INFO 2026-07-22 07:29:15,987 basehttp 18836 22604 "GET /api/items/search/?lat=-17.7833&lng=31.05&radius_km=5&sort=distance HTTP/1.1" 200 1451
INFO 2026-07-22 07:29:16,255 basehttp 18836 30628 "GET /media/items/2026/07/WhatsApp_Image_2026-07-20_at_13.25.34.jpg HTTP/1.1" 304 0
INFO 2026-07-22 07:56:19,614 basehttp 18836 27268 "OPTIONS /api/items/search?lat=-17.809168007029808&lng=31.015461905788772&radius_km=5&sort=distance HTTP/1.1" 200 0
INFO 2026-07-22 07:56:20,155 basehttp 18836 27268 "GET /api/items/search?lat=-17.809168007029808&lng=31.015461905788772&radius_km=5&sort=distance HTTP/1.1" 301 0
INFO 2026-07-22 07:56:20,181 basehttp 18836 29968 "OPTIONS /api/items/search/?lat=-17.809168007029808&lng=31.015461905788772&radius_km=5&sort=distance HTTP/1.1" 200 0
WARNING 2026-07-22 07:56:20,248 log 18836 29968 Unauthorized: /api/items/search/
WARNING 2026-07-22 07:56:20,259 basehttp 18836 29968 "GET /api/items/search/?lat=-17.809168007029808&lng=31.015461905788772&radius_km=5&sort=distance HTTP/1.1" 401 269
INFO 2026-07-22 07:56:20,749 basehttp 18836 29968 "OPTIONS /api/items/search?lat=-17.774761529990364&lng=31.049910561252254&radius_km=5&sort=distance HTTP/1.1" 200 0
INFO 2026-07-22 07:56:20,847 basehttp 18836 29968 "GET /api/items/search?lat=-17.774761529990364&lng=31.049910561252254&radius_km=5&sort=distance HTTP/1.1" 301 0
INFO 2026-07-22 07:56:21,169 basehttp 18836 13264 "OPTIONS /api/items/search/?lat=-17.774761529990364&lng=31.049910561252254&radius_km=5&sort=distance HTTP/1.1" 200 0
WARNING 2026-07-22 07:56:21,184 log 18836 13264 Unauthorized: /api/items/search/
WARNING 2026-07-22 07:56:21,189 basehttp 18836 13264 "GET /api/items/search/?lat=-17.774761529990364&lng=31.049910561252254&radius_km=5&sort=distance HTTP/1.1" 401 269
WARNING 2026-07-22 07:56:34,931 log 18836 13264 Unauthorized: /api/items/search/
WARNING 2026-07-22 07:56:34,935 basehttp 18836 13264 "GET /api/items/search/?lat=-17.774761529990364&lng=31.049910561252254&radius_km=5&sort=distance HTTP/1.1" 401 269
WARNING 2026-07-22 07:56:35,886 log 18836 13264 Unauthorized: /api/items/search/
WARNING 2026-07-22 07:56:35,899 basehttp 18836 13264 "GET /api/items/search/?lat=-17.774761529990364&lng=31.049910561252254&radius_km=5&sort=distance HTTP/1.1" 401 269
INFO 2026-07-22 07:57:46,498 autoreload 18836 20520 C:\Users\Tavonga\Documents\Projects\NeighbourShare\backend\items\views.py changed, reloading.
INFO 2026-07-22 07:58:58,666 autoreload 28048 28992 Watching for file changes with StatReloader
INFO 2026-07-22 08:00:41,345 autoreload 28048 28992 C:\Users\Tavonga\Documents\Projects\NeighbourShare\backend\items\views.py changed, reloading.
INFO 2026-07-22 08:00:53,309 autoreload 21156 18332 Watching for file changes with StatReloader
INFO 2026-07-22 08:02:12,668 autoreload 21156 18332 C:\Users\Tavonga\Documents\Projects\NeighbourShare\backend\items\views.py changed, reloading.
INFO 2026-07-22 08:02:22,474 autoreload 22460 20140 Watching for file changes with StatReloader
WARNING 2026-07-22 08:09:31,887 log 22460 23760 Unauthorized: /api/items/categories/
WARNING 2026-07-22 08:09:31,889 log 22460 27472 Unauthorized: /api/items/search/
WARNING 2026-07-22 08:09:31,891 basehttp 22460 23760 "GET /api/items/categories/ HTTP/1.1" 401 269
WARNING 2026-07-22 08:09:31,893 basehttp 22460 27472 "GET /api/items/search/?lat=-17.774761529990364&lng=31.049910561252254&radius_km=5&sort=distance HTTP/1.1" 401 269
INFO 2026-07-22 10:03:44,281 basehttp 22460 28048 "OPTIONS /api/items/search?lat=-17.774843263442754&lng=31.0499382019043&radius_km=5&sort=distance HTTP/1.1" 200 0
INFO 2026-07-22 10:03:44,717 basehttp 22460 28048 "OPTIONS /api/items/search?lat=-17.7833&lng=31.05&radius_km=5&sort=distance HTTP/1.1" 200 0
INFO 2026-07-22 10:03:44,718 basehttp 22460 30516 "OPTIONS /api/items/categories/ HTTP/1.1" 200 0
INFO 2026-07-22 10:03:44,750 basehttp 22460 28048 "OPTIONS /api/items/search?lat=-17.7833&lng=31.05&radius_km=5&sort=distance HTTP/1.1" 200 0
INFO 2026-07-22 10:03:44,750 basehttp 22460 30516 "OPTIONS /api/auth/refresh HTTP/1.1" 200 0
INFO 2026-07-22 10:03:44,773 basehttp 22460 28048 "OPTIONS /api/items/categories/ HTTP/1.1" 200 0
INFO 2026-07-22 10:03:44,773 basehttp 22460 30516 "OPTIONS /api/auth/refresh HTTP/1.1" 200 0
WARNING 2026-07-22 10:03:44,786 log 22460 28048 Unauthorized: /api/items/categories/
WARNING 2026-07-22 10:03:44,801 log 22460 30516 Unauthorized: /api/auth/refresh
WARNING 2026-07-22 10:03:44,826 basehttp 22460 28048 "GET /api/items/categories/ HTTP/1.1" 401 269
WARNING 2026-07-22 10:03:44,827 basehttp 22460 30516 "POST /api/auth/refresh HTTP/1.1" 401 269
WARNING 2026-07-22 10:03:44,843 log 22460 28048 Unauthorized: /api/auth/refresh
INFO 2026-07-22 10:03:44,848 basehttp 22460 30516 "OPTIONS /api/items/search/?lat=-17.7833&lng=31.05&radius_km=5&sort=distance HTTP/1.1" 200 0
WARNING 2026-07-22 10:03:44,875 basehttp 22460 28048 "POST /api/auth/refresh HTTP/1.1" 401 269
INFO 2026-07-22 10:03:44,876 basehttp 22460 30516 "OPTIONS /api/items/search/?lat=-17.7833&lng=31.05&radius_km=5&sort=distance HTTP/1.1" 200 0
WARNING 2026-07-22 10:03:44,897 log 22460 28048 Unauthorized: /api/items/categories/
INFO 2026-07-22 10:03:44,898 basehttp 22460 30516 "OPTIONS /api/auth/refresh/ HTTP/1.1" 200 0
WARNING 2026-07-22 10:03:44,905 basehttp 22460 28048 "GET /api/items/categories/ HTTP/1.1" 401 269
WARNING 2026-07-22 10:03:44,912 log 22460 30516 Unauthorized: /api/items/search/
WARNING 2026-07-22 10:03:44,935 basehttp 22460 30516 "GET /api/items/search/?lat=-17.7833&lng=31.05&radius_km=5&sort=distance HTTP/1.1" 401 269
INFO 2026-07-22 10:03:44,942 basehttp 22460 28048 "OPTIONS /api/auth/refresh/ HTTP/1.1" 200 0
WARNING 2026-07-22 10:03:44,965 log 22460 28048 Unauthorized: /api/items/search/
WARNING 2026-07-22 10:03:44,984 basehttp 22460 28048 "GET /api/items/search/?lat=-17.7833&lng=31.05&radius_km=5&sort=distance HTTP/1.1" 401 269
WARNING 2026-07-22 10:03:45,517 log 22460 30516 Not Found: /api/auth/refresh/
WARNING 2026-07-22 10:03:45,525 basehttp 22460 30516 "POST /api/auth/refresh/ HTTP/1.1" 404 3904
WARNING 2026-07-22 10:03:45,534 log 22460 28048 Not Found: /api/auth/refresh/
WARNING 2026-07-22 10:03:45,536 basehttp 22460 28048 "POST /api/auth/refresh/ HTTP/1.1" 404 3904
INFO 2026-07-22 10:03:50,755 basehttp 22460 21772 "OPTIONS /api/auth/login HTTP/1.1" 200 0
INFO 2026-07-22 10:03:51,286 basehttp 22460 21772 "POST /api/auth/login HTTP/1.1" 200 884
INFO 2026-07-22 10:03:51,500 basehttp 22460 21772 "GET /api/items/categories/ HTTP/1.1" 200 985
INFO 2026-07-22 10:03:51,646 basehttp 22460 21772 "GET /api/items/categories/ HTTP/1.1" 200 985
INFO 2026-07-22 10:03:51,901 basehttp 22460 8296 "GET /api/items/search/?lat=-17.7833&lng=31.05&radius_km=5&sort=distance HTTP/1.1" 200 1451
INFO 2026-07-22 10:03:52,029 basehttp 22460 8296 "GET /api/items/search/?lat=-17.7833&lng=31.05&radius_km=5&sort=distance HTTP/1.1" 200 1451
INFO 2026-07-22 10:03:52,234 basehttp 22460 16144 "GET /media/items/2026/07/WhatsApp_Image_2026-07-20_at_13.25.34.jpg HTTP/1.1" 304 0
WARNING 2026-07-26 14:30:54,629 log 19240 5940 Unauthorized: /api/items/categories/
WARNING 2026-07-26 14:30:59,044 log 19240 5940 Unauthorized: /api/items/
WARNING 2026-07-26 14:31:32,691 log 19240 5940 Bad Request: /api/transactions/borrow-request
ERROR 2026-07-26 14:31:34,695 exceptions 19240 5940 Unhandled exception
Traceback (most recent call last):
  File "C:\Users\Tavonga\AppData\Local\Packages\PythonSoftwareFoundation.Python.3.9_qbz5n2kfra8p0\LocalCache\local-packages\Python39\site-packages\rest_framework\views.py", line 506, in dispatch
    response = handler(request, *args, **kwargs)
  File "C:\Users\Tavonga\Documents\Projects\NeighbourShare\backend\transactions\views.py", line 67, in borrow_request
    return Response(TransactionSerializer(txn, context={'request': request}).data, status=status.HTTP_201_CREATED)
  File "C:\Users\Tavonga\AppData\Local\Packages\PythonSoftwareFoundation.Python.3.9_qbz5n2kfra8p0\LocalCache\local-packages\Python39\site-packages\rest_framework\serializers.py", line 555, in data
    ret = super().data
  File "C:\Users\Tavonga\AppData\Local\Packages\PythonSoftwareFoundation.Python.3.9_qbz5n2kfra8p0\LocalCache\local-packages\Python39\site-packages\rest_framework\serializers.py", line 253, in data
    self._data = self.to_representation(self.instance)
  File "C:\Users\Tavonga\AppData\Local\Packages\PythonSoftwareFoundation.Python.3.9_qbz5n2kfra8p0\LocalCache\local-packages\Python39\site-packages\rest_framework\serializers.py", line 522, in to_representation
    ret[field.field_name] = field.to_representation(attribute)
  File "C:\Users\Tavonga\AppData\Local\Packages\PythonSoftwareFoundation.Python.3.9_qbz5n2kfra8p0\LocalCache\local-packages\Python39\site-packages\rest_framework\serializers.py", line 522, in to_representation
    ret[field.field_name] = field.to_representation(attribute)
  File "C:\Users\Tavonga\AppData\Local\Packages\PythonSoftwareFoundation.Python.3.9_qbz5n2kfra8p0\LocalCache\local-packages\Python39\site-packages\rest_framework\fields.py", line 1838, in to_representation
    return method(value)
  File "C:\Users\Tavonga\Documents\Projects\NeighbourShare\backend\users\serializers.py", line 87, in get_full_name
    return f"{obj.user.first_name} {obj.user.last_name}".strip()
AttributeError: 'User' object has no attribute 'user'
ERROR 2026-07-26 14:31:34,902 log 19240 5940 Internal Server Error: /api/transactions/borrow-request
WARNING 2026-07-26 14:40:24,293 log 5884 16624 Unauthorized: /api/items/categories/
WARNING 2026-07-26 14:40:27,782 log 5884 16624 Unauthorized: /api/items/
WARNING 2026-07-26 14:40:57,323 log 5884 16624 Bad Request: /api/transactions/borrow-request
ERROR 2026-07-26 14:40:59,189 exceptions 5884 16624 Unhandled exception
Traceback (most recent call last):
  File "C:\Users\Tavonga\AppData\Local\Packages\PythonSoftwareFoundation.Python.3.9_qbz5n2kfra8p0\LocalCache\local-packages\Python39\site-packages\rest_framework\views.py", line 506, in dispatch
    response = handler(request, *args, **kwargs)
  File "C:\Users\Tavonga\Documents\Projects\NeighbourShare\backend\transactions\views.py", line 67, in borrow_request
    return Response(TransactionSerializer(txn, context={'request': request}).data, status=status.HTTP_201_CREATED)
  File "C:\Users\Tavonga\AppData\Local\Packages\PythonSoftwareFoundation.Python.3.9_qbz5n2kfra8p0\LocalCache\local-packages\Python39\site-packages\rest_framework\serializers.py", line 555, in data
    ret = super().data
  File "C:\Users\Tavonga\AppData\Local\Packages\PythonSoftwareFoundation.Python.3.9_qbz5n2kfra8p0\LocalCache\local-packages\Python39\site-packages\rest_framework\serializers.py", line 253, in data
    self._data = self.to_representation(self.instance)
  File "C:\Users\Tavonga\AppData\Local\Packages\PythonSoftwareFoundation.Python.3.9_qbz5n2kfra8p0\LocalCache\local-packages\Python39\site-packages\rest_framework\serializers.py", line 522, in to_representation
    ret[field.field_name] = field.to_representation(attribute)
  File "C:\Users\Tavonga\AppData\Local\Packages\PythonSoftwareFoundation.Python.3.9_qbz5n2kfra8p0\LocalCache\local-packages\Python39\site-packages\rest_framework\serializers.py", line 522, in to_representation
    ret[field.field_name] = field.to_representation(attribute)
  File "C:\Users\Tavonga\AppData\Local\Packages\PythonSoftwareFoundation.Python.3.9_qbz5n2kfra8p0\LocalCache\local-packages\Python39\site-packages\rest_framework\fields.py", line 1838, in to_representation
    return method(value)
  File "C:\Users\Tavonga\Documents\Projects\NeighbourShare\backend\users\serializers.py", line 87, in get_full_name
    return f"{obj.user.first_name} {obj.user.last_name}".strip()
AttributeError: 'User' object has no attribute 'user'
ERROR 2026-07-26 14:40:59,200 log 5884 16624 Internal Server Error: /api/transactions/borrow-request
WARNING 2026-07-26 14:45:55,635 log 2956 7124 Forbidden: /api/auth/login
WARNING 2026-07-26 14:46:00,150 log 2956 7124 Unauthorized: /api/auth/login
ERROR 2026-07-26 14:46:06,298 views 2956 7124 Registration validation failed: {'email': [ErrorDetail(string='A user with this email already exists.', code='invalid')]}
WARNING 2026-07-26 14:46:06,301 log 2956 7124 Bad Request: /api/auth/register
ERROR 2026-07-26 14:46:06,311 views 2956 7124 Registration validation failed: {'email': [ErrorDetail(string='Enter a valid email address.', code='invalid')]}
WARNING 2026-07-26 14:46:06,314 log 2956 7124 Bad Request: /api/auth/register
ERROR 2026-07-26 14:46:06,328 views 2956 7124 Registration validation failed: {'confirm_password': [ErrorDetail(string='Passwords do not match.', code='invalid')]}
WARNING 2026-07-26 14:46:06,341 log 2956 7124 Bad Request: /api/auth/register
INFO 2026-07-26 14:46:10,726 verification 2956 7124 Mock verification for National ID: 12-3****
WARNING 2026-07-26 14:46:10,798 log 2956 7124 Bad Request: /api/auth/verify-id
WARNING 2026-07-26 14:46:12,149 log 2956 7124 Bad Request: /api/auth/verify-id
INFO 2026-07-26 14:46:13,366 verification 2956 7124 Mock verification for National ID: 12-3****
WARNING 2026-07-26 14:46:14,849 log 2956 7124 Bad Request: /api/auth/verify-address
INFO 2026-07-26 14:46:22,459 verification 2956 7124 Mock verification for National ID: 12-3****
ERROR 2026-07-26 14:46:22,470 verification 2956 7124 Nominatim geocoding failed: Network error
WARNING 2026-07-26 14:47:10,339 log 5340 9344 Unauthorized: /api/items/categories/
WARNING 2026-07-26 14:47:14,601 log 5340 9344 Unauthorized: /api/items/
INFO 2026-07-26 16:30:08,653 autoreload 21756 22728 Watching for file changes with StatReloader
INFO 2026-07-26 16:30:59,263 autoreload 21756 22728 C:\Users\Tavonga\Documents\Projects\NeighbourShare\backend\admin_dashboard\views.py changed, reloading.
INFO 2026-07-26 16:31:06,539 autoreload 17116 17820 Watching for file changes with StatReloader
INFO 2026-07-26 16:32:14,550 autoreload 17116 17820 C:\Users\Tavonga\Documents\Projects\NeighbourShare\backend\items\admin.py changed, reloading.
INFO 2026-07-26 16:32:20,790 autoreload 22820 1784 Watching for file changes with StatReloader
INFO 2026-07-26 16:32:26,034 autoreload 22820 1784 C:\Users\Tavonga\Documents\Projects\NeighbourShare\backend\transactions\admin.py changed, reloading.
INFO 2026-07-26 16:32:32,700 autoreload 11548 22136 Watching for file changes with StatReloader
INFO 2026-07-26 16:32:50,284 basehttp 11548 21628 "GET /api/items/search?lat=-17.7833&lng=31.05&radius_km=5&sort=distance HTTP/1.1" 301 0
ERROR 2026-07-26 16:32:50,354 exceptions 11548 12132 Unhandled exception
Traceback (most recent call last):
  File "C:\Users\Tavonga\AppData\Local\Packages\PythonSoftwareFoundation.Python.3.9_qbz5n2kfra8p0\LocalCache\local-packages\Python39\site-packages\django\db\backends\utils.py", line 89, in _execute
    return self.cursor.execute(sql, params)
  File "C:\Users\Tavonga\AppData\Local\Packages\PythonSoftwareFoundation.Python.3.9_qbz5n2kfra8p0\LocalCache\local-packages\Python39\site-packages\django\db\backends\sqlite3\base.py", line 328, in execute
    return super().execute(query, params)
sqlite3.OperationalError: no such column: items.listing_type

The above exception was the direct cause of the following exception:

Traceback (most recent call last):
  File "C:\Users\Tavonga\AppData\Local\Packages\PythonSoftwareFoundation.Python.3.9_qbz5n2kfra8p0\LocalCache\local-packages\Python39\site-packages\rest_framework\views.py", line 506, in dispatch
    response = handler(request, *args, **kwargs)
  File "C:\Users\Tavonga\Documents\Projects\NeighbourShare\backend\items\views.py", line 93, in search
    for item in queryset:
  File "C:\Users\Tavonga\AppData\Local\Packages\PythonSoftwareFoundation.Python.3.9_qbz5n2kfra8p0\LocalCache\local-packages\Python39\site-packages\django\db\models\query.py", line 398, in __iter__
    self._fetch_all()
  File "C:\Users\Tavonga\AppData\Local\Packages\PythonSoftwareFoundation.Python.3.9_qbz5n2kfra8p0\LocalCache\local-packages\Python39\site-packages\django\db\models\query.py", line 1881, in _fetch_all
    self._result_cache = list(self._iterable_class(self))
  File "C:\Users\Tavonga\AppData\Local\Packages\PythonSoftwareFoundation.Python.3.9_qbz5n2kfra8p0\LocalCache\local-packages\Python39\site-packages\django\db\models\query.py", line 91, in __iter__
    results = compiler.execute_sql(
  File "C:\Users\Tavonga\AppData\Local\Packages\PythonSoftwareFoundation.Python.3.9_qbz5n2kfra8p0\LocalCache\local-packages\Python39\site-packages\django\db\models\sql\compiler.py", line 1562, in execute_sql
    cursor.execute(sql, params)
  File "C:\Users\Tavonga\AppData\Local\Packages\PythonSoftwareFoundation.Python.3.9_qbz5n2kfra8p0\LocalCache\local-packages\Python39\site-packages\django\db\backends\utils.py", line 102, in execute
    return super().execute(sql, params)
  File "C:\Users\Tavonga\AppData\Local\Packages\PythonSoftwareFoundation.Python.3.9_qbz5n2kfra8p0\LocalCache\local-packages\Python39\site-packages\django\db\backends\utils.py", line 67, in execute
    return self._execute_with_wrappers(
  File "C:\Users\Tavonga\AppData\Local\Packages\PythonSoftwareFoundation.Python.3.9_qbz5n2kfra8p0\LocalCache\local-packages\Python39\site-packages\django\db\backends\utils.py", line 80, in _execute_with_wrappers
    return executor(sql, params, many, context)
  File "C:\Users\Tavonga\AppData\Local\Packages\PythonSoftwareFoundation.Python.3.9_qbz5n2kfra8p0\LocalCache\local-packages\Python39\site-packages\django\db\backends\utils.py", line 89, in _execute
    return self.cursor.execute(sql, params)
  File "C:\Users\Tavonga\AppData\Local\Packages\PythonSoftwareFoundation.Python.3.9_qbz5n2kfra8p0\LocalCache\local-packages\Python39\site-packages\django\db\utils.py", line 91, in __exit__
    raise dj_exc_value.with_traceback(traceback) from exc_value
  File "C:\Users\Tavonga\AppData\Local\Packages\PythonSoftwareFoundation.Python.3.9_qbz5n2kfra8p0\LocalCache\local-packages\Python39\site-packages\django\db\backends\utils.py", line 89, in _execute
    return self.cursor.execute(sql, params)
  File "C:\Users\Tavonga\AppData\Local\Packages\PythonSoftwareFoundation.Python.3.9_qbz5n2kfra8p0\LocalCache\local-packages\Python39\site-packages\django\db\backends\sqlite3\base.py", line 328, in execute
    return super().execute(query, params)
django.db.utils.OperationalError: no such column: items.listing_type
ERROR 2026-07-26 16:32:50,545 log 11548 12132 Internal Server Error: /api/items/search/
ERROR 2026-07-26 16:32:50,548 basehttp 11548 12132 "GET /api/items/search/?lat=-17.7833&lng=31.05&radius_km=5&sort=distance HTTP/1.1" 500 68
INFO 2026-07-26 16:34:48,483 autoreload 24304 23580 Watching for file changes with StatReloader
ERROR 2026-07-26 16:35:01,094 exceptions 24304 10892 Unhandled exception
Traceback (most recent call last):
  File "C:\Users\Tavonga\AppData\Local\Packages\PythonSoftwareFoundation.Python.3.9_qbz5n2kfra8p0\LocalCache\local-packages\Python39\site-packages\rest_framework\views.py", line 506, in dispatch
    response = handler(request, *args, **kwargs)
  File "C:\Users\Tavonga\Documents\Projects\NeighbourShare\backend\items\views.py", line 105, in search
    ItemResult = namedtuple('ItemResult', queryset[0].__dict__.keys() if queryset else ['id'])
  File "C:\Program Files\WindowsApps\PythonSoftwareFoundation.Python.3.9_3.9.3568.0_x64__qbz5n2kfra8p0\lib\collections\__init__.py", line 399, in namedtuple
    raise ValueError('Field names cannot start with an underscore: '
ValueError: Field names cannot start with an underscore: '_state'
ERROR 2026-07-26 16:35:01,101 log 24304 10892 Internal Server Error: /api/items/search/
ERROR 2026-07-26 16:35:01,105 basehttp 24304 10892 "GET /api/items/search/?lat=-17.7833&lng=31.05&radius_km=5&sort=distance HTTP/1.1" 500 68
INFO 2026-07-26 16:35:43,046 autoreload 24304 23580 C:\Users\Tavonga\Documents\Projects\NeighbourShare\backend\items\views.py changed, reloading.
INFO 2026-07-26 16:35:49,424 autoreload 9156 6876 Watching for file changes with StatReloader
INFO 2026-07-26 16:36:10,486 autoreload 9156 6876 C:\Users\Tavonga\Documents\Projects\NeighbourShare\backend\items\views.py changed, reloading.
INFO 2026-07-26 16:36:16,365 autoreload 16284 14660 Watching for file changes with StatReloader
INFO 2026-07-26 16:47:43,642 basehttp 16284 6872 "GET /api/items/search/?lat=-17.7833&lng=31.05&radius_km=5&sort=distance HTTP/1.1" 200 127
INFO 2026-07-26 16:47:47,183 basehttp 16284 6872 "GET /api/items/search?lat=-17.772064305093533&lng=30.98594144315347&radius_km=5&sort=distance HTTP/1.1" 301 0
INFO 2026-07-26 16:47:47,208 basehttp 16284 17820 "GET /api/items/search/?lat=-17.772064305093533&lng=30.98594144315347&radius_km=5&sort=distance HTTP/1.1" 200 150
INFO 2026-07-26 16:47:48,257 basehttp 16284 17820 "GET /api/items/search?lat=-17.783261608815994&lng=31.049905267051614&radius_km=5&sort=distance HTTP/1.1" 301 0
INFO 2026-07-26 16:47:48,591 basehttp 16284 16052 "GET /api/items/search/?lat=-17.783261608815994&lng=31.049905267051614&radius_km=5&sort=distance HTTP/1.1" 200 151
INFO 2026-07-26 19:35:42,105 basehttp 16284 23140 "OPTIONS /api/auth/register HTTP/1.1" 200 0
ERROR 2026-07-26 19:35:42,119 exceptions 16284 23140 Unhandled exception
Traceback (most recent call last):
  File "C:\Users\Tavonga\AppData\Local\Packages\PythonSoftwareFoundation.Python.3.9_qbz5n2kfra8p0\LocalCache\local-packages\Python39\site-packages\django_redis\cache.py", line 29, in _decorator
    return method(self, *args, **kwargs)
  File "C:\Users\Tavonga\AppData\Local\Packages\PythonSoftwareFoundation.Python.3.9_qbz5n2kfra8p0\LocalCache\local-packages\Python39\site-packages\django_redis\cache.py", line 89, in add
    return self.client.add(*args, **kwargs)
  File "C:\Users\Tavonga\AppData\Local\Packages\PythonSoftwareFoundation.Python.3.9_qbz5n2kfra8p0\LocalCache\local-packages\Python39\site-packages\django_redis\client\default.py", line 278, in add
    return self.set(key, value, timeout, version=version, client=client, nx=True)
  File "C:\Users\Tavonga\AppData\Local\Packages\PythonSoftwareFoundation.Python.3.9_qbz5n2kfra8p0\LocalCache\local-packages\Python39\site-packages\django_redis\client\default.py", line 224, in set
    raise ConnectionInterrupted(connection=client) from e
django_redis.exceptions.ConnectionInterrupted: Redis ConnectionError: Error 11001 connecting to redis:6379. getaddrinfo failed.

During handling of the above exception, another exception occurred:

Traceback (most recent call last):
  File "C:\Users\Tavonga\AppData\Local\Packages\PythonSoftwareFoundation.Python.3.9_qbz5n2kfra8p0\LocalCache\local-packages\Python39\site-packages\rest_framework\views.py", line 506, in dispatch
    response = handler(request, *args, **kwargs)
  File "C:\Users\Tavonga\AppData\Local\Packages\PythonSoftwareFoundation.Python.3.9_qbz5n2kfra8p0\LocalCache\local-packages\Python39\site-packages\django\utils\decorators.py", line 46, in _wrapper
    return bound_method(*args, **kwargs)
  File "C:\Users\Tavonga\AppData\Local\Packages\PythonSoftwareFoundation.Python.3.9_qbz5n2kfra8p0\LocalCache\local-packages\Python39\site-packages\django_ratelimit\decorators.py", line 19, in _wrapped
    ratelimited = is_ratelimited(request=request, group=group, fn=fn,
  File "C:\Users\Tavonga\AppData\Local\Packages\PythonSoftwareFoundation.Python.3.9_qbz5n2kfra8p0\LocalCache\local-packages\Python39\site-packages\django_ratelimit\core.py", line 153, in is_ratelimited
    usage = get_usage(request, group, fn, key, rate, method, increment)
  File "C:\Users\Tavonga\AppData\Local\Packages\PythonSoftwareFoundation.Python.3.9_qbz5n2kfra8p0\LocalCache\local-packages\Python39\site-packages\django_ratelimit\core.py", line 231, in get_usage
    added = cache.add(cache_key, initial_value, period + EXPIRATION_FUDGE)
  File "C:\Users\Tavonga\AppData\Local\Packages\PythonSoftwareFoundation.Python.3.9_qbz5n2kfra8p0\LocalCache\local-packages\Python39\site-packages\django_redis\cache.py", line 36, in _decorator
    raise e.__cause__  # noqa: B904
  File "C:\Users\Tavonga\AppData\Local\Packages\PythonSoftwareFoundation.Python.3.9_qbz5n2kfra8p0\LocalCache\local-packages\Python39\site-packages\django_redis\client\default.py", line 214, in set
    return bool(client.set(nkey, nvalue, nx=nx, px=timeout, xx=xx))
  File "C:\Users\Tavonga\AppData\Local\Packages\PythonSoftwareFoundation.Python.3.9_qbz5n2kfra8p0\LocalCache\local-packages\Python39\site-packages\redis\commands\core.py", line 2341, in set
    return self.execute_command("SET", *pieces, **options)
  File "C:\Users\Tavonga\AppData\Local\Packages\PythonSoftwareFoundation.Python.3.9_qbz5n2kfra8p0\LocalCache\local-packages\Python39\site-packages\redis\client.py", line 533, in execute_command
    conn = self.connection or pool.get_connection(command_name, **options)
  File "C:\Users\Tavonga\AppData\Local\Packages\PythonSoftwareFoundation.Python.3.9_qbz5n2kfra8p0\LocalCache\local-packages\Python39\site-packages\redis\connection.py", line 1086, in get_connection
    connection.connect()
  File "C:\Users\Tavonga\AppData\Local\Packages\PythonSoftwareFoundation.Python.3.9_qbz5n2kfra8p0\LocalCache\local-packages\Python39\site-packages\redis\connection.py", line 270, in connect
    raise ConnectionError(self._error_message(e))
redis.exceptions.ConnectionError: Error 11001 connecting to redis:6379. getaddrinfo failed.
ERROR 2026-07-26 19:35:42,415 log 16284 23140 Internal Server Error: /api/auth/register
ERROR 2026-07-26 19:35:42,417 basehttp 16284 23140 "POST /api/auth/register HTTP/1.1" 500 68
INFO 2026-07-26 19:36:58,848 autoreload 16284 14660 C:\Users\Tavonga\Documents\Projects\NeighbourShare\backend\neighbourshare\settings.py changed, reloading.
INFO 2026-07-26 19:37:08,058 autoreload 25180 12532 Watching for file changes with StatReloader
INFO 2026-07-26 19:37:22,646 basehttp 25180 14352 "POST /api/auth/register HTTP/1.1" 201 70
INFO 2026-07-26 19:38:14,646 verification 25180 14352 Mock verification for National ID: 63-2****
INFO 2026-07-26 19:38:14,667 basehttp 25180 14352 "POST /api/auth/verify-id HTTP/1.1" 200 76
INFO 2026-07-26 19:41:25,181 basehttp 25180 23004 "OPTIONS /api/auth/verify-address HTTP/1.1" 200 0
INFO 2026-07-26 19:41:29,234 basehttp 25180 23004 "POST /api/auth/verify-address HTTP/1.1" 200 903
INFO 2026-07-26 19:41:29,351 basehttp 25180 22708 "OPTIONS /api/items/categories/ HTTP/1.1" 200 0
INFO 2026-07-26 19:41:29,365 basehttp 25180 22708 "OPTIONS /api/items/search?lat=-17.7833&lng=31.05&radius_km=5&sort=distance HTTP/1.1" 200 0
INFO 2026-07-26 19:41:29,377 basehttp 25180 22708 "OPTIONS /api/items/categories/ HTTP/1.1" 200 0
INFO 2026-07-26 19:41:29,379 basehttp 25180 23004 "OPTIONS /api/items/search?lat=-17.7833&lng=31.05&radius_km=5&sort=distance HTTP/1.1" 200 0
INFO 2026-07-26 19:41:29,449 basehttp 25180 23004 "OPTIONS /api/items/search/?lat=-17.7833&lng=31.05&radius_km=5&sort=distance HTTP/1.1" 200 0
INFO 2026-07-26 19:41:29,471 basehttp 25180 22708 "GET /api/items/categories/ HTTP/1.1" 200 985
INFO 2026-07-26 19:41:29,495 basehttp 25180 23004 "OPTIONS /api/items/search/?lat=-17.7833&lng=31.05&radius_km=5&sort=distance HTTP/1.1" 200 0
INFO 2026-07-26 19:41:29,569 basehttp 25180 22708 "GET /api/items/search/?lat=-17.7833&lng=31.05&radius_km=5&sort=distance HTTP/1.1" 200 127
INFO 2026-07-26 19:41:29,679 basehttp 25180 23004 "GET /api/items/categories/ HTTP/1.1" 200 985
INFO 2026-07-26 19:41:29,712 basehttp 25180 22708 "GET /api/items/search/?lat=-17.7833&lng=31.05&radius_km=5&sort=distance HTTP/1.1" 200 127
INFO 2026-07-26 19:41:43,415 basehttp 25180 22708 "OPTIONS /api/transactions/?user_id=4 HTTP/1.1" 200 0
INFO 2026-07-26 19:41:43,417 basehttp 25180 23004 "OPTIONS /api/transactions/?user_id=4 HTTP/1.1" 200 0
INFO 2026-07-26 19:41:43,473 basehttp 25180 22708 "GET /api/transactions/?user_id=4 HTTP/1.1" 200 52
INFO 2026-07-26 19:41:43,520 basehttp 25180 22708 "GET /api/transactions/?user_id=4 HTTP/1.1" 200 52
INFO 2026-07-26 19:42:11,935 basehttp 25180 22708 "GET /api/items/categories/ HTTP/1.1" 200 985
INFO 2026-07-26 19:42:11,969 basehttp 25180 22708 "GET /api/items/categories/ HTTP/1.1" 200 985
INFO 2026-07-26 19:42:12,085 basehttp 25180 23004 "GET /api/items/search/?lat=-17.7833&lng=31.05&radius_km=5&sort=distance HTTP/1.1" 200 127
INFO 2026-07-26 19:42:12,178 basehttp 25180 23004 "GET /api/items/search/?lat=-17.7833&lng=31.05&radius_km=5&sort=distance HTTP/1.1" 200 127
INFO 2026-07-29 07:49:12,787 autoreload 1616 12996 Watching for file changes with StatReloader
INFO 2026-07-29 07:55:13,635 autoreload 2604 16560 Watching for file changes with StatReloader
WARNING 2026-07-29 07:56:18,274 log 2604 17908 Unauthorized: /api/items/categories/
WARNING 2026-07-29 07:56:18,347 basehttp 2604 17908 "GET /api/items/categories/ HTTP/1.1" 401 149
WARNING 2026-07-29 07:56:18,359 log 2604 17908 Unauthorized: /api/items/categories/
WARNING 2026-07-29 07:56:18,369 basehttp 2604 17908 "GET /api/items/categories/ HTTP/1.1" 401 149
INFO 2026-07-29 07:56:18,957 basehttp 2604 18504 "GET /api/items/search?lat=-17.7833&lng=31.05&radius_km=5&sort=distance HTTP/1.1" 301 0
INFO 2026-07-29 07:56:19,471 basehttp 2604 17908 "GET /api/items/search/?lat=-17.7833&lng=31.05&radius_km=5&sort=distance HTTP/1.1" 200 127
INFO 2026-07-29 07:56:19,508 basehttp 2604 17908 "GET /api/items/search/?lat=-17.7833&lng=31.05&radius_km=5&sort=distance HTTP/1.1" 200 127
INFO 2026-07-29 08:05:41,252 basehttp 2604 17616 "GET /api/items/search?lat=-17.826573032225948&lng=31.038267321327538&radius_km=5&sort=distance HTTP/1.1" 301 0
INFO 2026-07-29 08:05:41,486 basehttp 2604 29308 "GET /api/items/search/?lat=-17.826573032225948&lng=31.038267321327538&radius_km=5&sort=distance HTTP/1.1" 200 1563
INFO 2026-07-29 08:05:43,123 basehttp 2604 760 "GET /media/items/2026/07/WhatsApp_Image_2026-07-20_at_13.25.34.jpg HTTP/1.1" 200 52397
INFO 2026-07-29 08:05:49,001 basehttp 2604 29308 "GET /api/items/search?lat=-17.763481955136665&lng=31.05560201159595&radius_km=5&sort=distance HTTP/1.1" 301 0
INFO 2026-07-29 08:05:49,030 basehttp 2604 6256 "GET /api/items/search/?lat=-17.763481955136665&lng=31.05560201159595&radius_km=5&sort=distance HTTP/1.1" 200 150
INFO 2026-07-29 08:05:52,773 basehttp 2604 6256 "GET /api/items/search?lat=-17.70053214860423&lng=31.040670149681585&radius_km=5&sort=distance HTTP/1.1" 301 0
INFO 2026-07-29 08:05:53,111 basehttp 2604 7768 "GET /api/items/search/?lat=-17.70053214860423&lng=31.040670149681585&radius_km=5&sort=distance HTTP/1.1" 200 150
INFO 2026-07-29 08:05:59,144 basehttp 2604 7768 "GET /api/items/search?lat=-17.785876936325597&lng=31.04032688848815&radius_km=5&sort=distance HTTP/1.1" 301 0
INFO 2026-07-29 08:05:59,181 basehttp 2604 15092 "GET /api/items/search/?lat=-17.785876936325597&lng=31.04032688848815&radius_km=5&sort=distance HTTP/1.1" 200 150
INFO 2026-07-29 08:06:06,965 basehttp 2604 15092 "GET /api/items/search?lat=-17.771982570370387&lng=31.003941201984144&radius_km=5&sort=distance HTTP/1.1" 301 0
INFO 2026-07-29 08:06:07,294 basehttp 2604 14320 "GET /api/items/search/?lat=-17.771982570370387&lng=31.003941201984144&radius_km=5&sort=distance HTTP/1.1" 200 151
INFO 2026-07-29 08:06:09,426 basehttp 2604 14320 "GET /api/items/search?lat=-17.772023437736635&lng=31.003937077432525&radius_km=5&sort=distance HTTP/1.1" 301 0
INFO 2026-07-29 08:06:09,470 basehttp 2604 18716 "GET /api/items/search/?lat=-17.772023437736635&lng=31.003937077432525&radius_km=5&sort=distance HTTP/1.1" 200 151
INFO 2026-07-29 08:06:11,278 basehttp 2604 18716 "GET /api/items/search?lat=-17.79180214603872&lng=30.977935042029863&radius_km=5&sort=distance HTTP/1.1" 301 0
INFO 2026-07-29 08:06:11,612 basehttp 2604 18920 "GET /api/items/search/?lat=-17.79180214603872&lng=30.977935042029863&radius_km=5&sort=distance HTTP/1.1" 200 150
INFO 2026-07-29 08:06:13,971 basehttp 2604 18920 "GET /api/items/search?lat=-17.791822577456195&lng=30.977930648151165&radius_km=5&sort=distance HTTP/1.1" 301 0
INFO 2026-07-29 08:06:14,001 basehttp 2604 28352 "GET /api/items/search/?lat=-17.791822577456195&lng=30.977930648151165&radius_km=5&sort=distance HTTP/1.1" 200 151
INFO 2026-07-29 08:06:16,336 basehttp 2604 28352 "GET /api/items/search?lat=-17.79183279316406&lng=30.977928451211817&radius_km=5&sort=distance HTTP/1.1" 301 0
INFO 2026-07-29 08:06:16,674 basehttp 2604 3900 "GET /api/items/search/?lat=-17.79183279316406&lng=30.977928451211817&radius_km=5&sort=distance HTTP/1.1" 200 150
INFO 2026-07-29 08:06:18,466 basehttp 2604 3900 "GET /api/items/search?lat=-17.79826857292434&lng=30.97387367836437&radius_km=5&sort=distance HTTP/1.1" 301 0
INFO 2026-07-29 08:06:18,491 basehttp 2604 28468 "GET /api/items/search/?lat=-17.79826857292434&lng=30.97387367836437&radius_km=5&sort=distance HTTP/1.1" 200 149
INFO 2026-07-29 08:06:21,749 basehttp 2604 28468 "GET /api/items/search?lat=-17.803723480721604&lng=30.972414818292304&radius_km=5&sort=distance HTTP/1.1" 301 0
INFO 2026-07-29 08:06:22,084 basehttp 2604 6900 "GET /api/items/search/?lat=-17.803723480721604&lng=30.972414818292304&radius_km=5&sort=distance HTTP/1.1" 200 151
INFO 2026-07-29 08:06:24,811 basehttp 2604 6900 "GET /api/items/search?lat=-17.803728588235035&lng=30.972413225415078&radius_km=5&sort=distance HTTP/1.1" 301 0
INFO 2026-07-29 08:06:24,842 basehttp 2604 22248 "GET /api/items/search/?lat=-17.803728588235035&lng=30.972413225415078&radius_km=5&sort=distance HTTP/1.1" 200 151
INFO 2026-07-29 08:06:26,767 basehttp 2604 22248 "GET /api/items/search?lat=-17.803731141991687&lng=30.97241242897644&radius_km=5&sort=distance HTTP/1.1" 301 0
INFO 2026-07-29 08:06:27,106 basehttp 2604 19780 "GET /api/items/search/?lat=-17.803731141991687&lng=30.97241242897644&radius_km=5&sort=distance HTTP/1.1" 200 150
INFO 2026-07-29 08:06:33,548 basehttp 2604 19780 "GET /api/items/search?lat=-17.804645384526424&lng=30.96908708616505&radius_km=5&sort=distance HTTP/1.1" 301 0
INFO 2026-07-29 08:06:33,575 basehttp 2604 17096 "GET /api/items/search/?lat=-17.804645384526424&lng=30.96908708616505&radius_km=5&sort=distance HTTP/1.1" 200 150
INFO 2026-07-29 08:06:35,200 basehttp 2604 17096 "GET /api/items/search?lat=-17.80521742216537&lng=30.966845161495456&radius_km=5&sort=distance HTTP/1.1" 301 0
INFO 2026-07-29 08:06:35,528 basehttp 2604 12092 "GET /api/items/search/?lat=-17.80521742216537&lng=30.966845161495456&radius_km=5&sort=distance HTTP/1.1" 200 150
INFO 2026-07-29 08:06:38,783 basehttp 2604 12092 "GET /api/items/search?lat=-17.80604483050497&lng=30.967569228075355&radius_km=5&sort=distance HTTP/1.1" 301 0
INFO 2026-07-29 08:06:38,806 basehttp 2604 21056 "GET /api/items/search/?lat=-17.80604483050497&lng=30.967569228075355&radius_km=5&sort=distance HTTP/1.1" 200 150
WARNING 2026-07-29 08:12:16,409 log 2604 12204 Unauthorized: /api/items/categories/
WARNING 2026-07-29 08:12:16,423 basehttp 2604 12204 "GET /api/items/categories/ HTTP/1.1" 401 149
INFO 2026-07-29 08:12:16,461 basehttp 2604 10036 "GET /api/items/search/?lat=-17.80604483050497&lng=30.967569228075355&radius_km=5&sort=distance HTTP/1.1" 200 150
WARNING 2026-07-29 08:12:47,251 log 2604 10036 Unauthorized: /api/items/categories/
WARNING 2026-07-29 08:12:47,261 basehttp 2604 10036 "GET /api/items/categories/ HTTP/1.1" 401 149
WARNING 2026-07-29 08:12:47,290 log 2604 10036 Unauthorized: /api/items/categories/
WARNING 2026-07-29 08:12:47,315 basehttp 2604 10036 "GET /api/items/categories/ HTTP/1.1" 401 149
INFO 2026-07-29 08:12:47,425 basehttp 2604 10036 "GET /api/items/search/?lat=-17.7833&lng=31.05&radius_km=5&sort=distance HTTP/1.1" 200 127
INFO 2026-07-29 08:12:47,456 basehttp 2604 10036 "GET /api/items/search/?lat=-17.7833&lng=31.05&radius_km=5&sort=distance HTTP/1.1" 200 127
INFO 2026-07-29 08:16:45,384 basehttp 2604 10036 "GET /api/items/search/?lat=-17.7833&lng=31.05&radius_km=5&sort=distance HTTP/1.1" 200 127
INFO 2026-07-29 08:16:45,411 basehttp 2604 10036 "GET /api/items/search/?lat=-17.7833&lng=31.05&radius_km=5&sort=distance HTTP/1.1" 200 127
INFO 2026-08-09 08:19:42,082 basehttp 17396 9524 "GET /api/items/search?lat=-17.7833&lng=31.05&radius_km=10&sort=newest HTTP/1.1" 301 0
INFO 2026-08-09 08:20:04,589 basehttp 17396 1244 "GET /api/items/search?lat=-17.7833&lng=31.05&radius_km=5&sort=distance HTTP/1.1" 301 0
INFO 2026-08-09 08:20:10,730 basehttp 17396 2472 "GET /api/items/search?lat=-17.7833&lng=31.05&radius_km=10&sort=newest HTTP/1.1" 301 0
INFO 2026-08-09 08:21:42,272 basehttp 17396 1872 "GET /api/items/search?lat=-17.82567422277875&lng=31.067790985107425&radius_km=5&sort=distance HTTP/1.1" 301 0
INFO 2026-08-09 08:21:47,611 basehttp 17396 10668 "GET /api/items/search?lat=-17.82567422277875&lng=31.067790985107425&radius_km=5&category=kitchen_appliances&sort=distance HTTP/1.1" 301 0
INFO 2026-08-09 08:24:16,860 basehttp 17396 7788 "GET /api/items/search?lat=-17.7833&lng=31.05&radius_km=10&sort=newest HTTP/1.1" 301 0
INFO 2026-08-09 08:24:17,108 basehttp 17396 20008 "GET /api/items/search/?lat=-17.7833&lng=31.05&radius_km=10&sort=newest HTTP/1.1" 200 1540
INFO 2026-08-09 08:24:17,128 basehttp 17396 20008 "GET /api/items/search/?lat=-17.7833&lng=31.05&radius_km=10&sort=newest HTTP/1.1" 200 1540
INFO 2026-08-09 08:24:18,777 basehttp 17396 19008 "GET /media/items/2026/07/WhatsApp_Image_2026-07-20_at_13.25.34.jpg HTTP/1.1" 200 52397
INFO 2026-08-09 08:25:04,040 basehttp 17396 7320 "GET /api/items/search?lat=-17.7833&lng=31.05&radius_km=10&sort=newest HTTP/1.1" 301 0
INFO 2026-08-09 08:25:04,300 basehttp 17396 6856 "GET /api/items/search/?lat=-17.7833&lng=31.05&radius_km=10&sort=newest HTTP/1.1" 200 1540
INFO 2026-08-09 08:25:04,322 basehttp 17396 6856 "GET /api/items/search/?lat=-17.7833&lng=31.05&radius_km=10&sort=newest HTTP/1.1" 200 1540
INFO 2026-08-09 08:25:04,674 basehttp 17396 22204 "GET /media/items/2026/07/WhatsApp_Image_2026-07-20_at_13.25.34.jpg HTTP/1.1" 200 52397
INFO 2026-08-09 08:27:12,306 basehttp 17396 6856 "GET /api/items/search?lat=-17.7833&lng=31.05&radius_km=5&sort=distance HTTP/1.1" 301 0
INFO 2026-08-09 08:27:12,868 basehttp 17396 3084 "GET /api/items/search/?lat=-17.7833&lng=31.05&radius_km=5&sort=distance HTTP/1.1" 200 127
INFO 2026-08-09 08:27:12,882 basehttp 17396 3084 "GET /api/items/search/?lat=-17.7833&lng=31.05&radius_km=5&sort=distance HTTP/1.1" 200 127
INFO 2026-08-09 08:27:32,848 basehttp 17396 3084 "GET /api/items/search?lat=-17.7833&lng=31.05&radius_km=10&sort=distance HTTP/1.1" 301 0
INFO 2026-08-09 08:27:32,870 basehttp 17396 12276 "GET /api/items/search/?lat=-17.7833&lng=31.05&radius_km=10&sort=distance HTTP/1.1" 200 1540
INFO 2026-08-09 08:27:47,989 basehttp 17396 12276 "GET /api/items/64bed48e-48be-42e7-9622-c159b67d91ef/ HTTP/1.1" 200 682
INFO 2026-08-09 08:27:48,010 basehttp 17396 12276 "GET /api/items/64bed48e-48be-42e7-9622-c159b67d91ef/ HTTP/1.1" 200 682
INFO 2026-08-09 08:30:48,910 basehttp 17396 23716 "GET /api/items/search/?lat=-17.7833&lng=31.05&radius_km=10&sort=newest HTTP/1.1" 200 1540
INFO 2026-08-09 08:30:48,934 basehttp 17396 23716 "GET /api/items/search/?lat=-17.7833&lng=31.05&radius_km=10&sort=newest HTTP/1.1" 200 1540
INFO 2026-08-09 08:31:37,058 basehttp 17396 12276 "GET /api/items/search/?lat=-17.7833&lng=31.05&radius_km=10&sort=newest HTTP/1.1" 200 1540
INFO 2026-08-09 08:31:37,084 basehttp 17396 12276 "GET /api/items/search/?lat=-17.7833&lng=31.05&radius_km=10&sort=newest HTTP/1.1" 200 1540
INFO 2026-08-09 13:26:05,874 basehttp 17396 10812 "GET /api/items/search/?lat=-17.7833&lng=31.05&radius_km=10&sort=newest HTTP/1.1" 200 1540
INFO 2026-08-09 13:26:05,891 basehttp 17396 10812 "GET /api/items/search/?lat=-17.7833&lng=31.05&radius_km=10&sort=newest HTTP/1.1" 200 1540
INFO 2026-08-09 13:56:54,322 basehttp 17396 1728 "GET /api/items/search/?lat=-17.7833&lng=31.05&radius_km=10&sort=newest HTTP/1.1" 200 1540
INFO 2026-08-09 13:56:54,351 basehttp 17396 1728 "GET /api/items/search/?lat=-17.7833&lng=31.05&radius_km=10&sort=newest HTTP/1.1" 200 1540
INFO 2026-08-09 14:00:52,585 basehttp 17396 1728 "GET /api/items/search/?lat=-17.7833&lng=31.05&radius_km=10&sort=newest HTTP/1.1" 200 1540
INFO 2026-08-09 14:00:52,633 basehttp 17396 1728 "GET /api/items/search/?lat=-17.7833&lng=31.05&radius_km=10&sort=newest HTTP/1.1" 200 1540
INFO 2026-08-09 14:00:53,347 basehttp 17396 20916 "GET /api/items/search/?lat=-17.7833&lng=31.05&radius_km=10&sort=newest HTTP/1.1" 200 1540
INFO 2026-08-09 14:00:53,370 basehttp 17396 20916 "GET /api/items/search/?lat=-17.7833&lng=31.05&radius_km=10&sort=newest HTTP/1.1" 200 1540
INFO 2026-08-09 14:00:57,906 basehttp 17396 20916 "GET /api/items/search/?lat=-17.7833&lng=31.05&radius_km=10&sort=newest HTTP/1.1" 200 1540
INFO 2026-08-09 14:00:57,943 basehttp 17396 20916 "GET /api/items/search/?lat=-17.7833&lng=31.05&radius_km=10&sort=newest HTTP/1.1" 200 1540
INFO 2026-08-09 14:00:58,253 basehttp 17396 1728 "GET /api/items/search/?lat=-17.7833&lng=31.05&radius_km=10&sort=newest HTTP/1.1" 200 1540
INFO 2026-08-09 14:00:58,284 basehttp 17396 1728 "GET /api/items/search/?lat=-17.7833&lng=31.05&radius_km=10&sort=newest HTTP/1.1" 200 1540
INFO 2026-08-09 14:01:33,165 basehttp 17396 19900 "GET /api/items/search/?lat=-17.7833&lng=31.05&radius_km=10&sort=newest HTTP/1.1" 200 1540
INFO 2026-08-09 14:03:46,645 basehttp 17396 19900 "GET /api/items/search/?lat=-17.7833&lng=31.05&radius_km=10&sort=newest HTTP/1.1" 200 1540
INFO 2026-08-09 14:03:46,681 basehttp 17396 19900 "GET /api/items/search/?lat=-17.7833&lng=31.05&radius_km=10&sort=newest HTTP/1.1" 200 1540
INFO 2026-08-09 14:04:01,264 basehttp 17396 19900 "GET /api/items/search/?lat=-17.7833&lng=31.05&radius_km=5&sort=distance HTTP/1.1" 200 127
INFO 2026-08-09 14:04:01,304 basehttp 17396 19900 "GET /api/items/search/?lat=-17.7833&lng=31.05&radius_km=5&sort=distance HTTP/1.1" 200 127
INFO 2026-08-09 14:04:25,979 autoreload 21736 22308 Watching for file changes with StatReloader
INFO 2026-08-09 14:05:20,507 basehttp 17396 19900 "OPTIONS /api/auth/login HTTP/1.1" 200 0
ERROR 2026-08-09 14:05:26,260 exceptions 17396 19900 Unhandled exception
Traceback (most recent call last):
  File "C:\Users\Tavonga\AppData\Local\Packages\PythonSoftwareFoundation.Python.3.9_qbz5n2kfra8p0\LocalCache\local-packages\Python39\site-packages\rest_framework\views.py", line 506, in dispatch
    response = handler(request, *args, **kwargs)
  File "C:\Users\Tavonga\AppData\Local\Packages\PythonSoftwareFoundation.Python.3.9_qbz5n2kfra8p0\LocalCache\local-packages\Python39\site-packages\django\utils\decorators.py", line 46, in _wrapper
    return bound_method(*args, **kwargs)
  File "C:\Users\Tavonga\AppData\Local\Packages\PythonSoftwareFoundation.Python.3.9_qbz5n2kfra8p0\LocalCache\local-packages\Python39\site-packages\django_ratelimit\decorators.py", line 27, in _wrapped
    return fn(request, *args, **kw)
  File "C:\Users\Tavonga\Documents\Projects\NeighbourShare\backend\users\views.py", line 155, in login
    'user': UserProfileSerializer(user.profile).data,
  File "C:\Users\Tavonga\AppData\Local\Packages\PythonSoftwareFoundation.Python.3.9_qbz5n2kfra8p0\LocalCache\local-packages\Python39\site-packages\django\db\models\fields\related_descriptors.py", line 492, in __get__
    raise self.RelatedObjectDoesNotExist(
users.models.User.profile.RelatedObjectDoesNotExist: User has no profile.
ERROR 2026-08-09 14:05:26,502 log 17396 19900 Internal Server Error: /api/auth/login
ERROR 2026-08-09 14:05:26,505 basehttp 17396 19900 "POST /api/auth/login HTTP/1.1" 500 68
INFO 2026-08-09 14:05:27,536 basehttp 17396 19900 "GET /api/items/search/?lat=-17.7833&lng=31.05&radius_km=5&sort=distance HTTP/1.1" 200 127
INFO 2026-08-09 14:05:27,577 basehttp 17396 19900 "GET /api/items/search/?lat=-17.7833&lng=31.05&radius_km=5&sort=distance HTTP/1.1" 200 127
INFO 2026-08-09 14:06:34,750 basehttp 17396 19900 "POST /api/auth/login HTTP/1.1" 200 843
INFO 2026-08-09 14:06:34,898 basehttp 17396 19900 "OPTIONS /api/items/search?lat=-17.7833&lng=31.05&radius_km=10&sort=newest HTTP/1.1" 200 0
INFO 2026-08-09 14:06:34,906 basehttp 17396 19900 "OPTIONS /api/items/search?lat=-17.7833&lng=31.05&radius_km=10&sort=newest HTTP/1.1" 200 0
INFO 2026-08-09 14:06:34,913 basehttp 17396 19900 "OPTIONS /api/items/search/?lat=-17.7833&lng=31.05&radius_km=10&sort=newest HTTP/1.1" 200 0
INFO 2026-08-09 14:06:34,920 basehttp 17396 19900 "OPTIONS /api/items/search/?lat=-17.7833&lng=31.05&radius_km=10&sort=newest HTTP/1.1" 200 0
INFO 2026-08-09 14:06:34,977 basehttp 17396 19900 "GET /api/items/search/?lat=-17.7833&lng=31.05&radius_km=10&sort=newest HTTP/1.1" 200 1540
INFO 2026-08-09 14:06:35,022 basehttp 17396 19900 "GET /api/items/search/?lat=-17.7833&lng=31.05&radius_km=10&sort=newest HTTP/1.1" 200 1540
INFO 2026-08-09 14:06:39,397 basehttp 17396 19596 "OPTIONS /api/items/search?lat=-17.7833&lng=31.05&radius_km=5&sort=distance HTTP/1.1" 200 0
INFO 2026-08-09 14:06:39,398 basehttp 17396 19900 "OPTIONS /api/items/search?lat=-17.7833&lng=31.05&radius_km=5&sort=distance HTTP/1.1" 200 0
INFO 2026-08-09 14:06:39,587 basehttp 17396 19900 "OPTIONS /api/items/search/?lat=-17.7833&lng=31.05&radius_km=5&sort=distance HTTP/1.1" 200 0
INFO 2026-08-09 14:06:39,610 basehttp 17396 19900 "OPTIONS /api/items/search/?lat=-17.7833&lng=31.05&radius_km=5&sort=distance HTTP/1.1" 200 0
INFO 2026-08-09 14:06:39,636 basehttp 17396 19596 "GET /api/items/search/?lat=-17.7833&lng=31.05&radius_km=5&sort=distance HTTP/1.1" 200 127
INFO 2026-08-09 14:06:39,667 basehttp 17396 19596 "GET /api/items/search/?lat=-17.7833&lng=31.05&radius_km=5&sort=distance HTTP/1.1" 200 127
INFO 2026-08-09 14:07:08,668 basehttp 17396 1976 "GET /api/items/search/?lat=-17.7833&lng=31.05&radius_km=5&sort=distance HTTP/1.1" 200 127
INFO 2026-08-09 14:07:08,722 basehttp 17396 1976 "GET /api/items/search/?lat=-17.7833&lng=31.05&radius_km=5&sort=distance HTTP/1.1" 200 127
INFO 2026-08-09 14:07:14,083 basehttp 17396 1976 "GET /api/items/search/?lat=-17.7833&lng=31.05&radius_km=5&sort=distance HTTP/1.1" 200 127
INFO 2026-08-09 14:07:14,153 basehttp 17396 1976 "GET /api/items/search/?lat=-17.7833&lng=31.05&radius_km=5&sort=distance HTTP/1.1" 200 127
INFO 2026-08-09 14:07:40,025 basehttp 17396 1976 "OPTIONS /api/items/search?lat=-17.7833&lng=31.05&radius_km=10&sort=distance HTTP/1.1" 200 0
INFO 2026-08-09 14:07:40,072 basehttp 17396 1976 "OPTIONS /api/items/search/?lat=-17.7833&lng=31.05&radius_km=10&sort=distance HTTP/1.1" 200 0
INFO 2026-08-09 14:07:40,142 basehttp 17396 1976 "GET /api/items/search/?lat=-17.7833&lng=31.05&radius_km=10&sort=distance HTTP/1.1" 200 1540
INFO 2026-08-09 14:08:08,900 basehttp 17396 1976 "GET /api/items/search/?lat=-17.7833&lng=31.05&radius_km=5&sort=distance HTTP/1.1" 200 127
INFO 2026-08-09 14:08:08,944 basehttp 17396 1976 "GET /api/items/search/?lat=-17.7833&lng=31.05&radius_km=5&sort=distance HTTP/1.1" 200 127
INFO 2026-08-09 14:10:52,741 basehttp 17396 18568 "GET /api/items/search/?lat=-17.7833&lng=31.05&radius_km=5&sort=distance HTTP/1.1" 200 127
INFO 2026-08-09 14:11:05,052 basehttp 17396 18568 "GET /api/items/search/?lat=-17.7833&lng=31.05&radius_km=5&sort=distance HTTP/1.1" 200 127
INFO 2026-08-09 14:11:05,077 basehttp 17396 18568 "GET /api/items/search/?lat=-17.7833&lng=31.05&radius_km=5&sort=distance HTTP/1.1" 200 127
INFO 2026-08-09 14:11:46,909 basehttp 17396 18568 "GET /api/items/search/?lat=-17.7833&lng=31.05&radius_km=5&sort=distance HTTP/1.1" 200 127
INFO 2026-08-09 14:11:46,943 basehttp 17396 18568 "GET /api/items/search/?lat=-17.7833&lng=31.05&radius_km=5&sort=distance HTTP/1.1" 200 127
INFO 2026-08-09 14:13:14,555 basehttp 17396 18568 "POST /api/auth/login HTTP/1.1" 200 843
INFO 2026-08-09 14:13:14,757 basehttp 17396 18568 "GET /api/items/search/?lat=-17.7833&lng=31.05&radius_km=5&sort=distance HTTP/1.1" 200 127
INFO 2026-08-09 14:13:14,788 basehttp 17396 18568 "GET /api/items/search/?lat=-17.7833&lng=31.05&radius_km=5&sort=distance HTTP/1.1" 200 127
INFO 2026-08-09 14:17:55,638 basehttp 17396 18568 "OPTIONS /api/items/search?lat=-17.78334333838028&lng=31.050024032592777&radius_km=5&sort=distance HTTP/1.1" 200 0
INFO 2026-08-09 14:17:55,834 basehttp 17396 18568 "GET /api/items/search?lat=-17.78334333838028&lng=31.050024032592777&radius_km=5&sort=distance HTTP/1.1" 301 0
INFO 2026-08-09 14:17:56,151 basehttp 17396 17720 "OPTIONS /api/items/search/?lat=-17.78334333838028&lng=31.050024032592777&radius_km=5&sort=distance HTTP/1.1" 200 0
INFO 2026-08-09 14:17:56,156 basehttp 17396 17720 "OPTIONS /api/items/search?lat=-17.78334333838028&lng=31.050109863281254&radius_km=5&sort=distance HTTP/1.1" 200 0
WARNING 2026-08-09 14:17:56,186 log 17396 17720 Unauthorized: /api/items/search/
WARNING 2026-08-09 14:17:56,188 basehttp 17396 17720 "GET /api/items/search/?lat=-17.78334333838028&lng=31.050024032592777&radius_km=5&sort=distance HTTP/1.1" 401 111
INFO 2026-08-09 14:17:56,234 basehttp 17396 17720 "GET /api/items/search?lat=-17.78334333838028&lng=31.050109863281254&radius_km=5&sort=distance HTTP/1.1" 301 0
INFO 2026-08-09 14:17:56,242 basehttp 17396 8076 "OPTIONS /api/items/search/?lat=-17.78334333838028&lng=31.050109863281254&radius_km=5&sort=distance HTTP/1.1" 200 0
WARNING 2026-08-09 14:17:56,260 log 17396 8076 Unauthorized: /api/items/search/
WARNING 2026-08-09 14:17:56,263 basehttp 17396 8076 "GET /api/items/search/?lat=-17.78334333838028&lng=31.050109863281254&radius_km=5&sort=distance HTTP/1.1" 401 111
INFO 2026-08-09 14:18:02,998 basehttp 17396 8076 "OPTIONS /api/items/search?lat=-17.783261608815984&lng=31.050024032592777&radius_km=5&sort=distance HTTP/1.1" 200 0
INFO 2026-08-09 14:18:03,053 basehttp 17396 8076 "GET /api/items/search?lat=-17.783261608815984&lng=31.050024032592777&radius_km=5&sort=distance HTTP/1.1" 301 0
INFO 2026-08-09 14:18:03,059 basehttp 17396 11200 "OPTIONS /api/items/search/?lat=-17.783261608815984&lng=31.050024032592777&radius_km=5&sort=distance HTTP/1.1" 200 0
WARNING 2026-08-09 14:18:03,075 log 17396 11200 Unauthorized: /api/items/search/
WARNING 2026-08-09 14:18:03,078 basehttp 17396 11200 "GET /api/items/search/?lat=-17.783261608815984&lng=31.050024032592777&radius_km=5&sort=distance HTTP/1.1" 401 111
INFO 2026-08-09 14:22:21,479 basehttp 17396 11200 "OPTIONS /api/items/search?lat=-17.836623047190134&lng=31.05869293212891&radius_km=5&sort=distance HTTP/1.1" 200 0
INFO 2026-08-09 14:22:21,525 basehttp 17396 11200 "GET /api/items/search?lat=-17.836623047190134&lng=31.05869293212891&radius_km=5&sort=distance HTTP/1.1" 301 0
INFO 2026-08-09 14:22:21,850 basehttp 17396 25244 "OPTIONS /api/items/search/?lat=-17.836623047190134&lng=31.05869293212891&radius_km=5&sort=distance HTTP/1.1" 200 0
WARNING 2026-08-09 14:22:21,873 log 17396 25244 Unauthorized: /api/items/search/
WARNING 2026-08-09 14:22:21,876 basehttp 17396 25244 "GET /api/items/search/?lat=-17.836623047190134&lng=31.05869293212891&radius_km=5&sort=distance HTTP/1.1" 401 111
INFO 2026-08-09 14:22:21,903 basehttp 17396 25244 "OPTIONS /api/items/search?lat=-17.98003932552008&lng=31.09268188476563&radius_km=5&sort=distance HTTP/1.1" 200 0
INFO 2026-08-09 14:22:21,944 basehttp 17396 25244 "GET /api/items/search?lat=-17.98003932552008&lng=31.09268188476563&radius_km=5&sort=distance HTTP/1.1" 301 0
INFO 2026-08-09 14:22:22,091 basehttp 17396 18596 "OPTIONS /api/items/search/?lat=-17.98003932552008&lng=31.09268188476563&radius_km=5&sort=distance HTTP/1.1" 200 0
WARNING 2026-08-09 14:22:22,111 log 17396 18596 Unauthorized: /api/items/search/
WARNING 2026-08-09 14:22:22,114 basehttp 17396 18596 "GET /api/items/search/?lat=-17.98003932552008&lng=31.09268188476563&radius_km=5&sort=distance HTTP/1.1" 401 111
INFO 2026-08-09 14:22:23,905 basehttp 17396 18596 "OPTIONS /api/items/search?lat=-17.827798674165006&lng=31.070022583007816&radius_km=5&sort=distance HTTP/1.1" 200 0
INFO 2026-08-09 14:22:23,938 basehttp 17396 18596 "GET /api/items/search?lat=-17.827798674165006&lng=31.070022583007816&radius_km=5&sort=distance HTTP/1.1" 301 0
INFO 2026-08-09 14:22:23,944 basehttp 17396 10264 "OPTIONS /api/items/search/?lat=-17.827798674165006&lng=31.070022583007816&radius_km=5&sort=distance HTTP/1.1" 200 0
WARNING 2026-08-09 14:22:23,958 log 17396 10264 Unauthorized: /api/items/search/
WARNING 2026-08-09 14:22:23,960 basehttp 17396 10264 "GET /api/items/search/?lat=-17.827798674165006&lng=31.070022583007816&radius_km=5&sort=distance HTTP/1.1" 401 111
INFO 2026-08-09 14:22:24,507 basehttp 17396 10264 "OPTIONS /api/items/search?lat=-17.71353268614979&lng=31.053028106689457&radius_km=5&sort=distance HTTP/1.1" 200 0
INFO 2026-08-09 14:22:24,553 basehttp 17396 10264 "GET /api/items/search?lat=-17.71353268614979&lng=31.053028106689457&radius_km=5&sort=distance HTTP/1.1" 301 0
INFO 2026-08-09 14:22:24,877 basehttp 17396 3856 "OPTIONS /api/items/search/?lat=-17.71353268614979&lng=31.053028106689457&radius_km=5&sort=distance HTTP/1.1" 200 0
WARNING 2026-08-09 14:22:24,894 log 17396 3856 Unauthorized: /api/items/search/
WARNING 2026-08-09 14:22:24,897 basehttp 17396 3856 "GET /api/items/search/?lat=-17.71353268614979&lng=31.053028106689457&radius_km=5&sort=distance HTTP/1.1" 401 111
INFO 2026-08-09 14:22:25,256 basehttp 17396 3856 "OPTIONS /api/items/search?lat=-17.68495479313551&lng=31.048779487609867&radius_km=5&sort=distance HTTP/1.1" 200 0
INFO 2026-08-09 14:22:25,294 basehttp 17396 3856 "GET /api/items/search?lat=-17.68495479313551&lng=31.048779487609867&radius_km=5&sort=distance HTTP/1.1" 301 0
INFO 2026-08-09 14:22:25,300 basehttp 17396 13972 "OPTIONS /api/items/search/?lat=-17.68495479313551&lng=31.048779487609867&radius_km=5&sort=distance HTTP/1.1" 200 0
WARNING 2026-08-09 14:22:25,314 log 17396 13972 Unauthorized: /api/items/search/
WARNING 2026-08-09 14:22:25,316 basehttp 17396 13972 "GET /api/items/search/?lat=-17.68495479313551&lng=31.048779487609867&radius_km=5&sort=distance HTTP/1.1" 401 111
WARNING 2026-08-09 14:22:30,548 log 17396 13972 Unauthorized: /api/items/search/
WARNING 2026-08-09 14:22:30,551 basehttp 17396 13972 "GET /api/items/search/?lat=-17.7833&lng=31.05&radius_km=10&sort=newest HTTP/1.1" 401 111
WARNING 2026-08-09 14:22:30,568 log 17396 13972 Unauthorized: /api/items/search/
WARNING 2026-08-09 14:22:30,571 basehttp 17396 13972 "GET /api/items/search/?lat=-17.7833&lng=31.05&radius_km=10&sort=newest HTTP/1.1" 401 111
WARNING 2026-08-09 14:22:38,024 log 17396 13972 Unauthorized: /api/items/search/
WARNING 2026-08-09 14:22:38,027 basehttp 17396 13972 "GET /api/items/search/?lat=-17.7833&lng=31.05&radius_km=5&sort=distance HTTP/1.1" 401 111
WARNING 2026-08-09 14:22:38,044 log 17396 13972 Unauthorized: /api/items/search/
WARNING 2026-08-09 14:22:38,049 basehttp 17396 13972 "GET /api/items/search/?lat=-17.7833&lng=31.05&radius_km=5&sort=distance HTTP/1.1" 401 111
WARNING 2026-08-09 14:22:40,866 log 17396 13972 Unauthorized: /api/items/search/
WARNING 2026-08-09 14:22:40,869 basehttp 17396 13972 "GET /api/items/search/?lat=-17.7833&lng=31.05&radius_km=10&sort=newest HTTP/1.1" 401 111
WARNING 2026-08-09 14:22:40,887 log 17396 13972 Unauthorized: /api/items/search/
WARNING 2026-08-09 14:22:40,891 basehttp 17396 13972 "GET /api/items/search/?lat=-17.7833&lng=31.05&radius_km=10&sort=newest HTTP/1.1" 401 111
INFO 2026-08-09 14:22:42,064 autoreload 21736 22308 C:\Users\Tavonga\Documents\Projects\NeighbourShare\backend\items\views.py changed, reloading.
INFO 2026-08-09 14:22:50,306 autoreload 23020 2348 Watching for file changes with StatReloader
WARNING 2026-08-09 14:24:41,720 log 17396 13972 Unauthorized: /api/items/search/
WARNING 2026-08-09 14:24:41,722 basehttp 17396 13972 "GET /api/items/search/?lat=-17.7833&lng=31.05&radius_km=10&sort=newest HTTP/1.1" 401 111
WARNING 2026-08-09 14:27:06,065 log 24388 6988 Unauthorized: /api/items/categories/
WARNING 2026-08-09 14:27:10,678 log 24388 6988 Unauthorized: /api/items/
WARNING 2026-08-09 14:29:11,720 log 12400 4076 Unauthorized: /api/items/categories/
WARNING 2026-08-09 14:29:15,899 log 12400 4076 Unauthorized: /api/items/
WARNING 2026-08-09 14:31:31,315 log 21124 3352 Unauthorized: /api/items/categories/
INFO 2026-08-09 14:32:39,378 autoreload 23020 2348 C:\Users\Tavonga\Documents\Projects\NeighbourShare\backend\items\views.py changed, reloading.
INFO 2026-08-09 14:32:48,338 autoreload 14400 13040 Watching for file changes with StatReloader
WARNING 2026-08-09 14:34:23,589 log 11520 9640 Unauthorized: /api/items/
WARNING 2026-08-09 14:34:44,640 log 11520 9640 Bad Request: /api/items/search/
WARNING 2026-08-09 14:34:52,548 log 11520 9640 Forbidden: /api/items/2766d50c-e7cd-4802-82db-a43c300ceede/
WARNING 2026-08-09 14:36:29,104 log 25544 21460 Unauthorized: /api/items/
WARNING 2026-08-09 14:36:48,034 log 25544 21460 Bad Request: /api/items/search/
WARNING 2026-08-09 14:36:52,789 log 25544 21460 Forbidden: /api/items/f630ea90-c63f-4202-8fa2-f2b20dcfed61/
WARNING 2026-08-09 14:37:59,613 log 25544 21460 Forbidden: /api/auth/login
WARNING 2026-08-09 14:38:05,063 log 25544 21460 Unauthorized: /api/auth/login
ERROR 2026-08-09 14:38:10,589 views 25544 21460 Registration validation failed: {'email': [ErrorDetail(string='A user with this email already exists.', code='invalid')]}
WARNING 2026-08-09 14:38:10,592 log 25544 21460 Bad Request: /api/auth/register
ERROR 2026-08-09 14:38:10,600 views 25544 21460 Registration validation failed: {'email': [ErrorDetail(string='Enter a valid email address.', code='invalid')]}
WARNING 2026-08-09 14:38:10,602 log 25544 21460 Bad Request: /api/auth/register
ERROR 2026-08-09 14:38:10,612 views 25544 21460 Registration validation failed: {'confirm_password': [ErrorDetail(string='Passwords do not match.', code='invalid')]}
WARNING 2026-08-09 14:38:10,615 log 25544 21460 Bad Request: /api/auth/register
INFO 2026-08-09 14:38:13,277 verification 25544 21460 Mock verification for National ID: 12-3****
WARNING 2026-08-09 14:38:13,282 log 25544 21460 Bad Request: /api/auth/verify-id
WARNING 2026-08-09 14:38:14,143 log 25544 21460 Bad Request: /api/auth/verify-id
INFO 2026-08-09 14:38:15,040 verification 25544 21460 Mock verification for National ID: 12-3****
WARNING 2026-08-09 14:38:15,885 log 25544 21460 Bad Request: /api/auth/verify-address
INFO 2026-08-09 14:38:22,234 verification 25544 21460 Mock verification for National ID: 12-3****
ERROR 2026-08-09 14:38:22,239 verification 25544 21460 Nominatim geocoding failed: Network error
WARNING 2026-08-09 14:40:34,941 log 2792 11696 Unauthorized: /api/items/
WARNING 2026-08-09 14:40:50,953 log 2792 11696 Bad Request: /api/items/search/
WARNING 2026-08-09 14:40:55,694 log 2792 11696 Forbidden: /api/items/0b4bac88-5da9-4bff-9cfa-513a0e5a470f/
WARNING 2026-08-09 14:41:07,898 log 2792 11696 Bad Request: /api/transactions/borrow-request
ERROR 2026-08-09 14:41:09,563 exceptions 2792 11696 Unhandled exception
Traceback (most recent call last):
  File "C:\Users\Tavonga\AppData\Local\Packages\PythonSoftwareFoundation.Python.3.9_qbz5n2kfra8p0\LocalCache\local-packages\Python39\site-packages\rest_framework\views.py", line 506, in dispatch
    response = handler(request, *args, **kwargs)
  File "C:\Users\Tavonga\Documents\Projects\NeighbourShare\backend\transactions\views.py", line 45, in borrow_request
    state__in=[TransactionState.PENDING, TransactionState.ACCEPTED, TransactionState.ACTIVE, TransactionState.ITEM_OUT]
  File "C:\Program Files\WindowsApps\PythonSoftwareFoundation.Python.3.9_3.9.3568.0_x64__qbz5n2kfra8p0\lib\enum.py", line 429, in __getattr__
    raise AttributeError(name) from None
AttributeError: ACCEPTED
ERROR 2026-08-09 14:41:09,569 log 2792 11696 Internal Server Error: /api/transactions/borrow-request
WARNING 2026-08-09 14:41:46,591 log 2792 11696 Forbidden: /api/auth/login
WARNING 2026-08-09 14:41:49,412 log 2792 11696 Unauthorized: /api/auth/login
ERROR 2026-08-09 14:41:52,717 views 2792 11696 Registration validation failed: {'email': [ErrorDetail(string='A user with this email already exists.', code='invalid')]}
WARNING 2026-08-09 14:41:52,719 log 2792 11696 Bad Request: /api/auth/register
ERROR 2026-08-09 14:41:52,731 views 2792 11696 Registration validation failed: {'email': [ErrorDetail(string='Enter a valid email address.', code='invalid')]}
WARNING 2026-08-09 14:41:52,732 log 2792 11696 Bad Request: /api/auth/register
ERROR 2026-08-09 14:41:52,740 views 2792 11696 Registration validation failed: {'confirm_password': [ErrorDetail(string='Passwords do not match.', code='invalid')]}
WARNING 2026-08-09 14:41:52,742 log 2792 11696 Bad Request: /api/auth/register
INFO 2026-08-09 14:41:54,820 verification 2792 11696 Mock verification for National ID: 12-3****
WARNING 2026-08-09 14:41:54,823 log 2792 11696 Bad Request: /api/auth/verify-id
WARNING 2026-08-09 14:41:55,591 log 2792 11696 Bad Request: /api/auth/verify-id
INFO 2026-08-09 14:41:56,363 verification 2792 11696 Mock verification for National ID: 12-3****
WARNING 2026-08-09 14:41:57,176 log 2792 11696 Bad Request: /api/auth/verify-address
INFO 2026-08-09 14:42:02,563 verification 2792 11696 Mock verification for National ID: 12-3****
ERROR 2026-08-09 14:42:02,567 verification 2792 11696 Nominatim geocoding failed: Network error
WARNING 2026-08-09 14:56:36,770 log 12440 7412 Unauthorized: /api/items/
WARNING 2026-08-09 14:56:50,185 log 12440 7412 Bad Request: /api/items/search/
WARNING 2026-08-09 14:56:53,804 log 12440 7412 Forbidden: /api/items/268b5e12-0d0a-4c12-8640-4d599fcd1764/
WARNING 2026-08-09 14:57:04,951 log 12440 7412 Bad Request: /api/transactions/borrow-request
ERROR 2026-08-09 14:57:06,445 exceptions 12440 7412 Unhandled exception
Traceback (most recent call last):
  File "C:\Users\Tavonga\AppData\Local\Packages\PythonSoftwareFoundation.Python.3.9_qbz5n2kfra8p0\LocalCache\local-packages\Python39\site-packages\rest_framework\views.py", line 506, in dispatch
    response = handler(request, *args, **kwargs)
  File "C:\Users\Tavonga\Documents\Projects\NeighbourShare\backend\transactions\views.py", line 45, in borrow_request
    state__in=[TransactionState.PENDING, TransactionState.ACCEPTED, TransactionState.ACTIVE, TransactionState.ITEM_OUT]
  File "C:\Program Files\WindowsApps\PythonSoftwareFoundation.Python.3.9_3.9.3568.0_x64__qbz5n2kfra8p0\lib\enum.py", line 429, in __getattr__
    raise AttributeError(name) from None
AttributeError: ACCEPTED
ERROR 2026-08-09 14:57:06,454 log 12440 7412 Internal Server Error: /api/transactions/borrow-request
INFO 2026-08-09 14:57:17,575 qr 12440 7412 Generated QR token for transaction 9d9d88bb-13a3-4575-9ea2-d414d432e291
ERROR 2026-08-09 14:57:17,577 qr 12440 7412 Token verification error: This backend does not support this feature
INFO 2026-08-09 14:57:19,008 qr 12440 7412 Generated QR token for transaction e9f6382d-5c86-46e6-8156-5d03dc204f84
INFO 2026-08-09 14:57:19,010 qr 12440 7412 Generated QR token for transaction e9f6382d-5c86-46e6-8156-5d03dc204f84
ERROR 2026-08-09 14:57:19,011 qr 12440 7412 Token verification error: This backend does not support this feature
INFO 2026-08-09 14:57:20,464 qr 12440 7412 Generated QR token for transaction 3f60dbcd-8868-4998-933c-75411b9ac4e4
INFO 2026-08-09 14:57:21,941 qr 12440 7412 Generated QR token for transaction 04e364c2-cf01-476a-a62d-28bcabba5636
INFO 2026-08-09 14:57:23,371 qr 12440 7412 Generated QR token for transaction 67b0f710-5df9-4a71-8c92-97d36e203bb5
INFO 2026-08-09 14:57:24,554 qr 12440 7412 Generated QR token for transaction 44329dac-ba7a-4805-b9a0-663bb279e6fd
WARNING 2026-08-09 14:57:25,702 qr 12440 7412 Invalid token format: ...
INFO 2026-08-09 14:57:26,782 qr 12440 7412 Generated QR token for transaction 39e175cb-73f4-46bc-a98c-61e127f8db1e
ERROR 2026-08-09 14:57:26,784 qr 12440 7412 Token verification error: This backend does not support this feature
WARNING 2026-08-09 14:57:28,383 qr 12440 7412 Invalid token format: invalid:token:format...
INFO 2026-08-09 14:57:29,782 qr 12440 7412 Generated QR token for transaction 9751ec50-6b52-48f0-9f46-48714083d503
ERROR 2026-08-09 14:57:29,784 qr 12440 7412 Token verification error: This backend does not support this feature
ERROR 2026-08-09 14:57:29,785 qr 12440 7412 Token verification error: This backend does not support this feature
INFO 2026-08-09 14:57:31,130 qr 12440 7412 Generated QR token for transaction f947c279-6364-42a1-ab4b-68bf8b206bad
WARNING 2026-08-09 14:57:31,131 qr 12440 7412 Invalid signature for token: f947c279-6364-42a1-a...
INFO 2026-08-09 14:57:32,442 qr 12440 7412 Generated QR token for transaction d0bcf44e-f9e5-4b9c-818b-8cef2fe3b389
ERROR 2026-08-09 14:57:32,443 qr 12440 7412 Token verification error: This backend does not support this feature
INFO 2026-08-09 14:57:33,729 qr 12440 7412 Generated QR token for transaction 0958eb92-743b-4fda-80e1-32af1e08adec
WARNING 2026-08-09 14:57:33,730 qr 12440 7412 Invalid signature for token: wrong-id:1786280253:...
WARNING 2026-08-09 14:57:35,041 log 12440 7412 Forbidden: /api/auth/login
WARNING 2026-08-09 14:57:37,836 log 12440 7412 Unauthorized: /api/auth/login
ERROR 2026-08-09 14:57:41,570 views 12440 7412 Registration validation failed: {'email': [ErrorDetail(string='A user with this email already exists.', code='invalid')]}
WARNING 2026-08-09 14:57:41,572 log 12440 7412 Bad Request: /api/auth/register
ERROR 2026-08-09 14:57:41,580 views 12440 7412 Registration validation failed: {'email': [ErrorDetail(string='Enter a valid email address.', code='invalid')]}
WARNING 2026-08-09 14:57:41,582 log 12440 7412 Bad Request: /api/auth/register
ERROR 2026-08-09 14:57:41,595 views 12440 7412 Registration validation failed: {'confirm_password': [ErrorDetail(string='Passwords do not match.', code='invalid')]}
WARNING 2026-08-09 14:57:41,597 log 12440 7412 Bad Request: /api/auth/register
INFO 2026-08-09 14:57:43,847 verification 12440 7412 Mock verification for National ID: 12-3****
WARNING 2026-08-09 14:57:43,851 log 12440 7412 Bad Request: /api/auth/verify-id
WARNING 2026-08-09 14:57:44,637 log 12440 7412 Bad Request: /api/auth/verify-id
INFO 2026-08-09 14:57:45,316 verification 12440 7412 Mock verification for National ID: 12-3****
WARNING 2026-08-09 14:57:45,921 log 12440 7412 Bad Request: /api/auth/verify-address
INFO 2026-08-09 14:57:50,104 verification 12440 7412 Mock verification for National ID: 12-3****
ERROR 2026-08-09 14:57:50,108 verification 12440 7412 Nominatim geocoding failed: Network error
WARNING 2026-08-09 14:59:30,624 log 24032 23972 Unauthorized: /api/items/
WARNING 2026-08-09 14:59:51,892 log 24032 23972 Bad Request: /api/items/search/
WARNING 2026-08-09 14:59:58,228 log 24032 23972 Forbidden: /api/items/30171a72-3dc0-463b-be9a-0aa1c41d7c19/
WARNING 2026-08-09 15:00:13,151 log 24032 23972 Bad Request: /api/transactions/borrow-request
ERROR 2026-08-09 15:00:15,463 exceptions 24032 23972 Unhandled exception
Traceback (most recent call last):
  File "C:\Users\Tavonga\AppData\Local\Packages\PythonSoftwareFoundation.Python.3.9_qbz5n2kfra8p0\LocalCache\local-packages\Python39\site-packages\rest_framework\views.py", line 506, in dispatch
    response = handler(request, *args, **kwargs)
  File "C:\Users\Tavonga\Documents\Projects\NeighbourShare\backend\transactions\views.py", line 45, in borrow_request
    state__in=[TransactionState.PENDING, TransactionState.ACCEPTED, TransactionState.ACTIVE, TransactionState.ITEM_OUT]
  File "C:\Program Files\WindowsApps\PythonSoftwareFoundation.Python.3.9_3.9.3568.0_x64__qbz5n2kfra8p0\lib\enum.py", line 429, in __getattr__
    raise AttributeError(name) from None
AttributeError: ACCEPTED
ERROR 2026-08-09 15:00:15,473 log 24032 23972 Internal Server Error: /api/transactions/borrow-request
INFO 2026-08-09 15:00:31,710 qr 24032 23972 Generated QR token for transaction 0d99893f-eacf-4bf5-aecc-bc99d15abfca
ERROR 2026-08-09 15:00:31,712 qr 24032 23972 Token verification error: This backend does not support this feature
INFO 2026-08-09 15:00:33,621 qr 24032 23972 Generated QR token for transaction eb51aca6-a957-4f79-ac0c-7d1db344fc83
INFO 2026-08-09 15:00:33,623 qr 24032 23972 Generated QR token for transaction eb51aca6-a957-4f79-ac0c-7d1db344fc83
ERROR 2026-08-09 15:00:33,625 qr 24032 23972 Token verification error: This backend does not support this feature
INFO 2026-08-09 15:00:35,684 qr 24032 23972 Generated QR token for transaction 4d38974c-a131-45bf-abcc-204748599a07
INFO 2026-08-09 15:00:37,998 qr 24032 23972 Generated QR token for transaction 45ff245f-9924-4fab-8959-b36a7af3c70b
INFO 2026-08-09 15:00:40,455 qr 24032 23972 Generated QR token for transaction f23297a3-04f2-461c-a19d-92d84274dec2
INFO 2026-08-09 15:00:43,058 qr 24032 23972 Generated QR token for transaction d9b85924-23c1-4719-ad96-932f76c422c0
WARNING 2026-08-09 15:00:45,412 qr 24032 23972 Invalid token format: ...
INFO 2026-08-09 15:00:47,780 qr 24032 23972 Generated QR token for transaction f5dda92a-53ef-4b21-98be-8f42039dfbce
ERROR 2026-08-09 15:00:47,782 qr 24032 23972 Token verification error: This backend does not support this feature
WARNING 2026-08-09 15:00:49,966 qr 24032 23972 Invalid token format: invalid:token:format...
INFO 2026-08-09 15:00:52,025 qr 24032 23972 Generated QR token for transaction 67cc92f4-b6b2-4bf2-9993-3f9d242241df
ERROR 2026-08-09 15:00:52,028 qr 24032 23972 Token verification error: This backend does not support this feature
ERROR 2026-08-09 15:00:52,030 qr 24032 23972 Token verification error: This backend does not support this feature
INFO 2026-08-09 15:00:54,056 qr 24032 23972 Generated QR token for transaction 33c0201d-b66a-4d35-9fae-8102a0660d55
WARNING 2026-08-09 15:00:54,058 qr 24032 23972 Invalid signature for token: 33c0201d-b66a-4d35-9...
INFO 2026-08-09 15:00:56,088 qr 24032 23972 Generated QR token for transaction d8e35d83-ae29-4f87-ad56-f545b81e058e
ERROR 2026-08-09 15:00:56,090 qr 24032 23972 Token verification error: This backend does not support this feature
INFO 2026-08-09 15:00:58,395 qr 24032 23972 Generated QR token for transaction 1d54d54a-6fa6-4f84-910d-568355535d2a
WARNING 2026-08-09 15:00:58,397 qr 24032 23972 Invalid signature for token: wrong-id:1786280458:...
WARNING 2026-08-09 15:01:00,758 log 24032 23972 Forbidden: /api/auth/login
WARNING 2026-08-09 15:01:05,487 log 24032 23972 Unauthorized: /api/auth/login
ERROR 2026-08-09 15:01:11,453 views 24032 23972 Registration validation failed: {'email': [ErrorDetail(string='A user with this email already exists.', code='invalid')]}
WARNING 2026-08-09 15:01:11,457 log 24032 23972 Bad Request: /api/auth/register
ERROR 2026-08-09 15:01:11,467 views 24032 23972 Registration validation failed: {'email': [ErrorDetail(string='Enter a valid email address.', code='invalid')]}
WARNING 2026-08-09 15:01:11,471 log 24032 23972 Bad Request: /api/auth/register
ERROR 2026-08-09 15:01:11,483 views 24032 23972 Registration validation failed: {'confirm_password': [ErrorDetail(string='Passwords do not match.', code='invalid')]}
WARNING 2026-08-09 15:01:11,487 log 24032 23972 Bad Request: /api/auth/register
INFO 2026-08-09 15:01:14,885 verification 24032 23972 Mock verification for National ID: 12-3****
WARNING 2026-08-09 15:01:14,891 log 24032 23972 Bad Request: /api/auth/verify-id
WARNING 2026-08-09 15:01:15,940 log 24032 23972 Bad Request: /api/auth/verify-id
INFO 2026-08-09 15:01:17,103 verification 24032 23972 Mock verification for National ID: 12-3****
WARNING 2026-08-09 15:01:18,308 log 24032 23972 Bad Request: /api/auth/verify-address
INFO 2026-08-09 15:01:24,037 verification 24032 23972 Mock verification for National ID: 12-3****
ERROR 2026-08-09 15:01:24,041 verification 24032 23972 Nominatim geocoding failed: Network error
WARNING 2026-08-09 15:01:36,273 log 15488 22108 Unauthorized: /api/items/
WARNING 2026-08-09 15:01:47,495 log 15488 22108 Bad Request: /api/items/search/
WARNING 2026-08-09 15:01:50,971 log 15488 22108 Forbidden: /api/items/37892223-475f-4c4f-917e-ffc8c4421d52/
WARNING 2026-08-09 15:02:00,887 log 15488 22108 Bad Request: /api/transactions/borrow-request
ERROR 2026-08-09 15:02:02,445 exceptions 15488 22108 Unhandled exception
Traceback (most recent call last):
  File "C:\Users\Tavonga\AppData\Local\Packages\PythonSoftwareFoundation.Python.3.9_qbz5n2kfra8p0\LocalCache\local-packages\Python39\site-packages\rest_framework\views.py", line 506, in dispatch
    response = handler(request, *args, **kwargs)
  File "C:\Users\Tavonga\Documents\Projects\NeighbourShare\backend\transactions\views.py", line 45, in borrow_request
    state__in=[TransactionState.PENDING, TransactionState.ACCEPTED, TransactionState.ACTIVE, TransactionState.ITEM_OUT]
  File "C:\Program Files\WindowsApps\PythonSoftwareFoundation.Python.3.9_3.9.3568.0_x64__qbz5n2kfra8p0\lib\enum.py", line 429, in __getattr__
    raise AttributeError(name) from None
AttributeError: ACCEPTED
ERROR 2026-08-09 15:02:02,452 log 15488 22108 Internal Server Error: /api/transactions/borrow-request
INFO 2026-08-09 15:02:18,816 qr 15488 22108 Generated QR token for transaction 218ad415-270e-423e-b414-fc35ee16fcad
ERROR 2026-08-09 15:02:18,818 qr 15488 22108 Token verification error: This backend does not support this feature
INFO 2026-08-09 15:02:20,941 qr 15488 22108 Generated QR token for transaction cdcd9798-b7b2-422d-b1c0-c65f2a618a72
INFO 2026-08-09 15:02:20,943 qr 15488 22108 Generated QR token for transaction cdcd9798-b7b2-422d-b1c0-c65f2a618a72
ERROR 2026-08-09 15:02:20,945 qr 15488 22108 Token verification error: This backend does not support this feature
INFO 2026-08-09 15:02:22,829 qr 15488 22108 Generated QR token for transaction 65ca167f-46c0-41d6-8c32-3035e5e08b2e
INFO 2026-08-09 15:02:24,788 qr 15488 22108 Generated QR token for transaction fe3dc732-51a3-4813-8dbf-509d24e98f73
INFO 2026-08-09 15:02:27,084 qr 15488 22108 Generated QR token for transaction 0f8d1ed6-59d6-413e-9b0c-d33073246f81
INFO 2026-08-09 15:02:29,385 qr 15488 22108 Generated QR token for transaction 8b078cf8-790c-4ef2-a989-f695765b5b21
WARNING 2026-08-09 15:02:31,631 qr 15488 22108 Invalid token format: ...
INFO 2026-08-09 15:02:33,661 qr 15488 22108 Generated QR token for transaction 8d524631-ca86-4e26-9aa9-f386e7ecce2f
ERROR 2026-08-09 15:02:33,664 qr 15488 22108 Token verification error: This backend does not support this feature
WARNING 2026-08-09 15:02:35,752 qr 15488 22108 Invalid token format: invalid:token:format...
INFO 2026-08-09 15:02:37,879 qr 15488 22108 Generated QR token for transaction 7c8cbc8f-b764-4335-9283-cde3da573031
ERROR 2026-08-09 15:02:37,881 qr 15488 22108 Token verification error: This backend does not support this feature
ERROR 2026-08-09 15:02:37,883 qr 15488 22108 Token verification error: This backend does not support this feature
INFO 2026-08-09 15:02:39,816 qr 15488 22108 Generated QR token for transaction b4ea4981-3391-4091-b6a9-a8eff2bb7044
WARNING 2026-08-09 15:02:39,820 qr 15488 22108 Invalid signature for token: b4ea4981-3391-4091-b...
INFO 2026-08-09 15:02:41,848 qr 15488 22108 Generated QR token for transaction 9e92d33a-087d-40f6-9f46-4c37f36d3d23
ERROR 2026-08-09 15:02:41,851 qr 15488 22108 Token verification error: This backend does not support this feature
INFO 2026-08-09 15:02:43,723 qr 15488 22108 Generated QR token for transaction d597ebff-00e6-4421-96fe-f27d042c35c7
WARNING 2026-08-09 15:02:43,724 qr 15488 22108 Invalid signature for token: wrong-id:1786280563:...
WARNING 2026-08-09 15:02:45,826 log 15488 22108 Forbidden: /api/auth/login
WARNING 2026-08-09 15:02:49,767 log 15488 22108 Unauthorized: /api/auth/login
ERROR 2026-08-09 15:02:56,131 views 15488 22108 Registration validation failed: {'email': [ErrorDetail(string='A user with this email already exists.', code='invalid')]}
WARNING 2026-08-09 15:02:56,137 log 15488 22108 Bad Request: /api/auth/register
ERROR 2026-08-09 15:02:56,155 views 15488 22108 Registration validation failed: {'email': [ErrorDetail(string='Enter a valid email address.', code='invalid')]}
WARNING 2026-08-09 15:02:56,159 log 15488 22108 Bad Request: /api/auth/register
ERROR 2026-08-09 15:02:56,194 views 15488 22108 Registration validation failed: {'confirm_password': [ErrorDetail(string='Passwords do not match.', code='invalid')]}
WARNING 2026-08-09 15:02:56,200 log 15488 22108 Bad Request: /api/auth/register
INFO 2026-08-09 15:02:59,704 verification 15488 22108 Mock verification for National ID: 12-3****
WARNING 2026-08-09 15:02:59,711 log 15488 22108 Bad Request: /api/auth/verify-id
WARNING 2026-08-09 15:03:00,854 log 15488 22108 Bad Request: /api/auth/verify-id
INFO 2026-08-09 15:03:01,958 verification 15488 22108 Mock verification for National ID: 12-3****
WARNING 2026-08-09 15:03:03,052 log 15488 22108 Bad Request: /api/auth/verify-address
INFO 2026-08-09 15:03:09,612 verification 15488 22108 Mock verification for National ID: 12-3****
ERROR 2026-08-09 15:03:09,619 verification 15488 22108 Nominatim geocoding failed: Network error
INFO 2026-08-09 15:05:50,768 autoreload 14400 13040 C:\Users\Tavonga\Documents\Projects\NeighbourShare\backend\transactions\views.py changed, reloading.
INFO 2026-08-09 15:05:56,545 autoreload 2584 2792 Watching for file changes with StatReloader
WARNING 2026-08-09 15:07:30,362 log 16684 17060 Unauthorized: /api/items/
WARNING 2026-08-09 15:07:43,189 log 16684 17060 Bad Request: /api/items/search/
WARNING 2026-08-09 15:07:46,773 log 16684 17060 Forbidden: /api/items/bc6e79b8-a10a-4007-ae18-0a1bb812cb25/
WARNING 2026-08-09 15:07:55,867 log 16684 17060 Bad Request: /api/transactions/borrow-request
ERROR 2026-08-09 15:07:57,112 exceptions 16684 17060 Unhandled exception
Traceback (most recent call last):
  File "C:\Users\Tavonga\AppData\Local\Packages\PythonSoftwareFoundation.Python.3.9_qbz5n2kfra8p0\LocalCache\local-packages\Python39\site-packages\django\db\backends\utils.py", line 89, in _execute
    return self.cursor.execute(sql, params)
  File "C:\Users\Tavonga\AppData\Local\Packages\PythonSoftwareFoundation.Python.3.9_qbz5n2kfra8p0\LocalCache\local-packages\Python39\site-packages\django\db\backends\sqlite3\base.py", line 328, in execute
    return super().execute(query, params)
sqlite3.IntegrityError: datatype mismatch

The above exception was the direct cause of the following exception:

Traceback (most recent call last):
  File "C:\Users\Tavonga\AppData\Local\Packages\PythonSoftwareFoundation.Python.3.9_qbz5n2kfra8p0\LocalCache\local-packages\Python39\site-packages\rest_framework\views.py", line 506, in dispatch
    response = handler(request, *args, **kwargs)
  File "C:\Users\Tavonga\Documents\Projects\NeighbourShare\backend\transactions\views.py", line 58, in borrow_request
    TransactionEvent.objects.create(
  File "C:\Users\Tavonga\AppData\Local\Packages\PythonSoftwareFoundation.Python.3.9_qbz5n2kfra8p0\LocalCache\local-packages\Python39\site-packages\django\db\models\manager.py", line 87, in manager_method
    return getattr(self.get_queryset(), name)(*args, **kwargs)
  File "C:\Users\Tavonga\AppData\Local\Packages\PythonSoftwareFoundation.Python.3.9_qbz5n2kfra8p0\LocalCache\local-packages\Python39\site-packages\django\db\models\query.py", line 658, in create
    obj.save(force_insert=True, using=self.db)
  File "C:\Users\Tavonga\AppData\Local\Packages\PythonSoftwareFoundation.Python.3.9_qbz5n2kfra8p0\LocalCache\local-packages\Python39\site-packages\django\db\models\base.py", line 814, in save
    self.save_base(
  File "C:\Users\Tavonga\AppData\Local\Packages\PythonSoftwareFoundation.Python.3.9_qbz5n2kfra8p0\LocalCache\local-packages\Python39\site-packages\django\db\models\base.py", line 877, in save_base
    updated = self._save_table(
  File "C:\Users\Tavonga\AppData\Local\Packages\PythonSoftwareFoundation.Python.3.9_qbz5n2kfra8p0\LocalCache\local-packages\Python39\site-packages\django\db\models\base.py", line 1020, in _save_table
    results = self._do_insert(
  File "C:\Users\Tavonga\AppData\Local\Packages\PythonSoftwareFoundation.Python.3.9_qbz5n2kfra8p0\LocalCache\local-packages\Python39\site-packages\django\db\models\base.py", line 1061, in _do_insert
    return manager._insert(
  File "C:\Users\Tavonga\AppData\Local\Packages\PythonSoftwareFoundation.Python.3.9_qbz5n2kfra8p0\LocalCache\local-packages\Python39\site-packages\django\db\models\manager.py", line 87, in manager_method
    return getattr(self.get_queryset(), name)(*args, **kwargs)
  File "C:\Users\Tavonga\AppData\Local\Packages\PythonSoftwareFoundation.Python.3.9_qbz5n2kfra8p0\LocalCache\local-packages\Python39\site-packages\django\db\models\query.py", line 1805, in _insert
    return query.get_compiler(using=using).execute_sql(returning_fields)
  File "C:\Users\Tavonga\AppData\Local\Packages\PythonSoftwareFoundation.Python.3.9_qbz5n2kfra8p0\LocalCache\local-packages\Python39\site-packages\django\db\models\sql\compiler.py", line 1822, in execute_sql
    cursor.execute(sql, params)
  File "C:\Users\Tavonga\AppData\Local\Packages\PythonSoftwareFoundation.Python.3.9_qbz5n2kfra8p0\LocalCache\local-packages\Python39\site-packages\django\db\backends\utils.py", line 67, in execute
    return self._execute_with_wrappers(
  File "C:\Users\Tavonga\AppData\Local\Packages\PythonSoftwareFoundation.Python.3.9_qbz5n2kfra8p0\LocalCache\local-packages\Python39\site-packages\django\db\backends\utils.py", line 80, in _execute_with_wrappers
    return executor(sql, params, many, context)
  File "C:\Users\Tavonga\AppData\Local\Packages\PythonSoftwareFoundation.Python.3.9_qbz5n2kfra8p0\LocalCache\local-packages\Python39\site-packages\django\db\backends\utils.py", line 89, in _execute
    return self.cursor.execute(sql, params)
  File "C:\Users\Tavonga\AppData\Local\Packages\PythonSoftwareFoundation.Python.3.9_qbz5n2kfra8p0\LocalCache\local-packages\Python39\site-packages\django\db\utils.py", line 91, in __exit__
    raise dj_exc_value.with_traceback(traceback) from exc_value
  File "C:\Users\Tavonga\AppData\Local\Packages\PythonSoftwareFoundation.Python.3.9_qbz5n2kfra8p0\LocalCache\local-packages\Python39\site-packages\django\db\backends\utils.py", line 89, in _execute
    return self.cursor.execute(sql, params)
  File "C:\Users\Tavonga\AppData\Local\Packages\PythonSoftwareFoundation.Python.3.9_qbz5n2kfra8p0\LocalCache\local-packages\Python39\site-packages\django\db\backends\sqlite3\base.py", line 328, in execute
    return super().execute(query, params)
django.db.utils.IntegrityError: datatype mismatch
ERROR 2026-08-09 15:07:57,117 log 16684 17060 Internal Server Error: /api/transactions/borrow-request
INFO 2026-08-09 15:08:02,974 qr 16684 17060 Generated QR token for transaction a8e1c210-a6db-4420-9d54-009775e13715
INFO 2026-08-09 15:08:09,467 qr 16684 17060 Generated QR token for transaction b7cc3e8a-1777-4896-a079-c7f6c55e4736
INFO 2026-08-09 15:08:09,468 qr 16684 17060 Verified QR token for transaction b7cc3e8a-1777-4896-a079-c7f6c55e4736
WARNING 2026-08-09 15:08:09,470 qr 16684 17060 Invalid signature for token: b7cc3e8a-1777-4896-a...
INFO 2026-08-09 15:08:11,069 qr 16684 17060 Generated QR token for transaction ea84e912-eb39-4f68-ab29-39355fe3eb4e
INFO 2026-08-09 15:08:11,070 qr 16684 17060 Generated QR token for transaction ea84e912-eb39-4f68-ab29-39355fe3eb4e
INFO 2026-08-09 15:08:11,072 qr 16684 17060 Verified QR token for transaction ea84e912-eb39-4f68-ab29-39355fe3eb4e
INFO 2026-08-09 15:08:11,073 qr 16684 17060 Verified QR token for transaction ea84e912-eb39-4f68-ab29-39355fe3eb4e
INFO 2026-08-09 15:08:12,755 qr 16684 17060 Generated QR token for transaction 63efec45-ecab-40b9-8565-134722b37c45
INFO 2026-08-09 15:08:14,224 qr 16684 17060 Generated QR token for transaction e973e4c2-3137-44f8-91ec-41470204b17a
INFO 2026-08-09 15:08:15,871 qr 16684 17060 Generated QR token for transaction d403aae6-7c04-4d7b-affc-a43c1d56de63
INFO 2026-08-09 15:08:17,584 qr 16684 17060 Generated QR token for transaction 33d0d843-82f1-4143-86d8-75a1795bccff
WARNING 2026-08-09 15:08:19,327 qr 16684 17060 Invalid token format: ...
INFO 2026-08-09 15:08:20,901 qr 16684 17060 Generated QR token for transaction a4a8d983-3205-4b5c-b4d4-aee9051beeb1
WARNING 2026-08-09 15:08:20,903 qr 16684 17060 Token not found or expired: a4a8d983-3205-4b5c-b...
WARNING 2026-08-09 15:08:22,481 qr 16684 17060 Invalid token format: invalid:token:format...
INFO 2026-08-09 15:08:24,167 qr 16684 17060 Generated QR token for transaction ef8058f2-ab44-462e-ada9-d9a684e2307b
INFO 2026-08-09 15:08:24,169 qr 16684 17060 Verified QR token for transaction ef8058f2-ab44-462e-ada9-d9a684e2307b
WARNING 2026-08-09 15:08:24,171 qr 16684 17060 Token replay attempt: ef8058f2-ab44-462e-a...
INFO 2026-08-09 15:08:25,697 qr 16684 17060 Generated QR token for transaction 44ee4b53-4153-4d6e-8987-16a8cf0a32b8
WARNING 2026-08-09 15:08:25,698 qr 16684 17060 Invalid signature for token: 44ee4b53-4153-4d6e-8...
INFO 2026-08-09 15:08:27,073 qr 16684 17060 Generated QR token for transaction a4b9387a-153a-4525-ad2e-7bedcfab09e8
INFO 2026-08-09 15:08:27,075 qr 16684 17060 Verified QR token for transaction a4b9387a-153a-4525-ad2e-7bedcfab09e8
INFO 2026-08-09 15:08:28,384 qr 16684 17060 Generated QR token for transaction a42bc0ba-4bb9-4223-9f6c-dd75576ad37b
WARNING 2026-08-09 15:08:28,386 qr 16684 17060 Invalid signature for token: wrong-id:1786280908:...
WARNING 2026-08-09 15:09:02,212 log 16684 17060 Forbidden: /api/auth/login
WARNING 2026-08-09 15:09:04,955 log 16684 17060 Unauthorized: /api/auth/login
ERROR 2026-08-09 15:09:08,402 views 16684 17060 Registration validation failed: {'email': [ErrorDetail(string='A user with this email already exists.', code='invalid')]}
WARNING 2026-08-09 15:09:08,404 log 16684 17060 Bad Request: /api/auth/register
ERROR 2026-08-09 15:09:08,411 views 16684 17060 Registration validation failed: {'email': [ErrorDetail(string='Enter a valid email address.', code='invalid')]}
WARNING 2026-08-09 15:09:08,412 log 16684 17060 Bad Request: /api/auth/register
ERROR 2026-08-09 15:09:08,420 views 16684 17060 Registration validation failed: {'confirm_password': [ErrorDetail(string='Passwords do not match.', code='invalid')]}
WARNING 2026-08-09 15:09:08,422 log 16684 17060 Bad Request: /api/auth/register
INFO 2026-08-09 15:09:10,549 verification 16684 17060 Mock verification for National ID: 12-3****
WARNING 2026-08-09 15:09:10,553 log 16684 17060 Bad Request: /api/auth/verify-id
WARNING 2026-08-09 15:09:11,343 log 16684 17060 Bad Request: /api/auth/verify-id
INFO 2026-08-09 15:09:12,135 verification 16684 17060 Mock verification for National ID: 12-3****
WARNING 2026-08-09 15:09:12,948 log 16684 17060 Bad Request: /api/auth/verify-address
INFO 2026-08-09 15:09:17,431 verification 16684 17060 Mock verification for National ID: 12-3****
ERROR 2026-08-09 15:09:17,435 verification 16684 17060 Nominatim geocoding failed: Network error
WARNING 2026-08-09 15:09:43,496 log 20256 13520 Unauthorized: /api/items/
WARNING 2026-08-09 15:09:57,913 log 20256 13520 Bad Request: /api/items/search/
WARNING 2026-08-09 15:10:02,186 log 20256 13520 Forbidden: /api/items/76a52ff7-d73f-4f63-b463-dc5604f518a9/
WARNING 2026-08-09 15:10:13,263 log 20256 13520 Bad Request: /api/transactions/borrow-request
ERROR 2026-08-09 15:10:14,685 exceptions 20256 13520 Unhandled exception
Traceback (most recent call last):
  File "C:\Users\Tavonga\AppData\Local\Packages\PythonSoftwareFoundation.Python.3.9_qbz5n2kfra8p0\LocalCache\local-packages\Python39\site-packages\django\db\backends\utils.py", line 89, in _execute
    return self.cursor.execute(sql, params)
  File "C:\Users\Tavonga\AppData\Local\Packages\PythonSoftwareFoundation.Python.3.9_qbz5n2kfra8p0\LocalCache\local-packages\Python39\site-packages\django\db\backends\sqlite3\base.py", line 328, in execute
    return super().execute(query, params)
sqlite3.IntegrityError: datatype mismatch

The above exception was the direct cause of the following exception:

Traceback (most recent call last):
  File "C:\Users\Tavonga\AppData\Local\Packages\PythonSoftwareFoundation.Python.3.9_qbz5n2kfra8p0\LocalCache\local-packages\Python39\site-packages\rest_framework\views.py", line 506, in dispatch
    response = handler(request, *args, **kwargs)
  File "C:\Users\Tavonga\Documents\Projects\NeighbourShare\backend\transactions\views.py", line 58, in borrow_request
    TransactionEvent.objects.create(
  File "C:\Users\Tavonga\AppData\Local\Packages\PythonSoftwareFoundation.Python.3.9_qbz5n2kfra8p0\LocalCache\local-packages\Python39\site-packages\django\db\models\manager.py", line 87, in manager_method
    return getattr(self.get_queryset(), name)(*args, **kwargs)
  File "C:\Users\Tavonga\AppData\Local\Packages\PythonSoftwareFoundation.Python.3.9_qbz5n2kfra8p0\LocalCache\local-packages\Python39\site-packages\django\db\models\query.py", line 658, in create
    obj.save(force_insert=True, using=self.db)
  File "C:\Users\Tavonga\AppData\Local\Packages\PythonSoftwareFoundation.Python.3.9_qbz5n2kfra8p0\LocalCache\local-packages\Python39\site-packages\django\db\models\base.py", line 814, in save
    self.save_base(
  File "C:\Users\Tavonga\AppData\Local\Packages\PythonSoftwareFoundation.Python.3.9_qbz5n2kfra8p0\LocalCache\local-packages\Python39\site-packages\django\db\models\base.py", line 877, in save_base
    updated = self._save_table(
  File "C:\Users\Tavonga\AppData\Local\Packages\PythonSoftwareFoundation.Python.3.9_qbz5n2kfra8p0\LocalCache\local-packages\Python39\site-packages\django\db\models\base.py", line 1020, in _save_table
    results = self._do_insert(
  File "C:\Users\Tavonga\AppData\Local\Packages\PythonSoftwareFoundation.Python.3.9_qbz5n2kfra8p0\LocalCache\local-packages\Python39\site-packages\django\db\models\base.py", line 1061, in _do_insert
    return manager._insert(
  File "C:\Users\Tavonga\AppData\Local\Packages\PythonSoftwareFoundation.Python.3.9_qbz5n2kfra8p0\LocalCache\local-packages\Python39\site-packages\django\db\models\manager.py", line 87, in manager_method
    return getattr(self.get_queryset(), name)(*args, **kwargs)
  File "C:\Users\Tavonga\AppData\Local\Packages\PythonSoftwareFoundation.Python.3.9_qbz5n2kfra8p0\LocalCache\local-packages\Python39\site-packages\django\db\models\query.py", line 1805, in _insert
    return query.get_compiler(using=using).execute_sql(returning_fields)
  File "C:\Users\Tavonga\AppData\Local\Packages\PythonSoftwareFoundation.Python.3.9_qbz5n2kfra8p0\LocalCache\local-packages\Python39\site-packages\django\db\models\sql\compiler.py", line 1822, in execute_sql
    cursor.execute(sql, params)
  File "C:\Users\Tavonga\AppData\Local\Packages\PythonSoftwareFoundation.Python.3.9_qbz5n2kfra8p0\LocalCache\local-packages\Python39\site-packages\django\db\backends\utils.py", line 67, in execute
    return self._execute_with_wrappers(
  File "C:\Users\Tavonga\AppData\Local\Packages\PythonSoftwareFoundation.Python.3.9_qbz5n2kfra8p0\LocalCache\local-packages\Python39\site-packages\django\db\backends\utils.py", line 80, in _execute_with_wrappers
    return executor(sql, params, many, context)
  File "C:\Users\Tavonga\AppData\Local\Packages\PythonSoftwareFoundation.Python.3.9_qbz5n2kfra8p0\LocalCache\local-packages\Python39\site-packages\django\db\backends\utils.py", line 89, in _execute
    return self.cursor.execute(sql, params)
  File "C:\Users\Tavonga\AppData\Local\Packages\PythonSoftwareFoundation.Python.3.9_qbz5n2kfra8p0\LocalCache\local-packages\Python39\site-packages\django\db\utils.py", line 91, in __exit__
    raise dj_exc_value.with_traceback(traceback) from exc_value
  File "C:\Users\Tavonga\AppData\Local\Packages\PythonSoftwareFoundation.Python.3.9_qbz5n2kfra8p0\LocalCache\local-packages\Python39\site-packages\django\db\backends\utils.py", line 89, in _execute
    return self.cursor.execute(sql, params)
  File "C:\Users\Tavonga\AppData\Local\Packages\PythonSoftwareFoundation.Python.3.9_qbz5n2kfra8p0\LocalCache\local-packages\Python39\site-packages\django\db\backends\sqlite3\base.py", line 328, in execute
    return super().execute(query, params)
django.db.utils.IntegrityError: datatype mismatch
ERROR 2026-08-09 15:10:14,693 log 20256 13520 Internal Server Error: /api/transactions/borrow-request
INFO 2026-08-09 15:10:20,359 qr 20256 13520 Generated QR token for transaction 1d9fd98f-75d6-4e32-adf4-3b508eb18173
INFO 2026-08-09 15:10:26,011 qr 20256 13520 Generated QR token for transaction b94c6137-caea-44d1-87da-7a54617459e5
INFO 2026-08-09 15:10:26,013 qr 20256 13520 Verified QR token for transaction b94c6137-caea-44d1-87da-7a54617459e5
WARNING 2026-08-09 15:10:26,014 qr 20256 13520 Invalid signature for token: b94c6137-caea-44d1-8...
INFO 2026-08-09 15:10:27,433 qr 20256 13520 Generated QR token for transaction 83cba3a5-c701-47f0-a108-4d0f3e2187c2
INFO 2026-08-09 15:10:27,435 qr 20256 13520 Generated QR token for transaction 83cba3a5-c701-47f0-a108-4d0f3e2187c2
INFO 2026-08-09 15:10:27,437 qr 20256 13520 Verified QR token for transaction 83cba3a5-c701-47f0-a108-4d0f3e2187c2
INFO 2026-08-09 15:10:27,438 qr 20256 13520 Verified QR token for transaction 83cba3a5-c701-47f0-a108-4d0f3e2187c2
INFO 2026-08-09 15:10:28,853 qr 20256 13520 Generated QR token for transaction 96321c51-9900-4855-8342-beb2dc6a01c2
INFO 2026-08-09 15:10:30,284 qr 20256 13520 Generated QR token for transaction 461ac5b1-4ad9-4653-b8c8-e561daabde66
INFO 2026-08-09 15:10:31,717 qr 20256 13520 Generated QR token for transaction f298e660-5d96-4d33-b151-6d2b0d56e6de
INFO 2026-08-09 15:10:33,160 qr 20256 13520 Generated QR token for transaction 6a445f6f-89ee-4be0-bbd6-15b9af84393e
WARNING 2026-08-09 15:10:34,581 qr 20256 13520 Invalid token format: ...
INFO 2026-08-09 15:10:35,980 qr 20256 13520 Generated QR token for transaction 006916e4-91f0-453d-ab47-de938d89d9c1
WARNING 2026-08-09 15:10:35,982 qr 20256 13520 Token not found or expired: 006916e4-91f0-453d-a...
WARNING 2026-08-09 15:10:37,361 qr 20256 13520 Invalid token format: invalid:token:format...
INFO 2026-08-09 15:10:38,796 qr 20256 13520 Generated QR token for transaction efc6d0ac-9255-495b-a3b7-5f87053f6ac9
INFO 2026-08-09 15:10:38,798 qr 20256 13520 Verified QR token for transaction efc6d0ac-9255-495b-a3b7-5f87053f6ac9
WARNING 2026-08-09 15:10:38,799 qr 20256 13520 Token replay attempt: efc6d0ac-9255-495b-a...
INFO 2026-08-09 15:10:40,138 qr 20256 13520 Generated QR token for transaction 08c74b69-ef8b-4d92-9831-f5dff448875e
WARNING 2026-08-09 15:10:40,140 qr 20256 13520 Invalid signature for token: 08c74b69-ef8b-4d92-9...
INFO 2026-08-09 15:10:41,537 qr 20256 13520 Generated QR token for transaction eec9ef8d-1bc0-4633-a17b-70f3724de95c
INFO 2026-08-09 15:10:41,538 qr 20256 13520 Verified QR token for transaction eec9ef8d-1bc0-4633-a17b-70f3724de95c
INFO 2026-08-09 15:10:43,018 qr 20256 13520 Generated QR token for transaction 53149f1a-f7c3-45a9-b03c-e4cd7fe0a5ed
WARNING 2026-08-09 15:10:43,019 qr 20256 13520 Invalid signature for token: wrong-id:1786281043:...
WARNING 2026-08-09 15:11:17,467 log 20256 13520 Forbidden: /api/auth/login
WARNING 2026-08-09 15:11:20,488 log 20256 13520 Unauthorized: /api/auth/login
ERROR 2026-08-09 15:11:24,356 views 20256 13520 Registration validation failed: {'email': [ErrorDetail(string='A user with this email already exists.', code='invalid')]}
WARNING 2026-08-09 15:11:24,358 log 20256 13520 Bad Request: /api/auth/register
ERROR 2026-08-09 15:11:24,365 views 20256 13520 Registration validation failed: {'email': [ErrorDetail(string='Enter a valid email address.', code='invalid')]}
WARNING 2026-08-09 15:11:24,367 log 20256 13520 Bad Request: /api/auth/register
ERROR 2026-08-09 15:11:24,375 views 20256 13520 Registration validation failed: {'confirm_password': [ErrorDetail(string='Passwords do not match.', code='invalid')]}
WARNING 2026-08-09 15:11:24,377 log 20256 13520 Bad Request: /api/auth/register
INFO 2026-08-09 15:11:26,593 verification 20256 13520 Mock verification for National ID: 12-3****
WARNING 2026-08-09 15:11:26,597 log 20256 13520 Bad Request: /api/auth/verify-id
WARNING 2026-08-09 15:11:27,369 log 20256 13520 Bad Request: /api/auth/verify-id
INFO 2026-08-09 15:11:28,126 verification 20256 13520 Mock verification for National ID: 12-3****
WARNING 2026-08-09 15:11:28,889 log 20256 13520 Bad Request: /api/auth/verify-address
INFO 2026-08-09 15:11:33,453 verification 20256 13520 Mock verification for National ID: 12-3****
ERROR 2026-08-09 15:11:33,456 verification 20256 13520 Nominatim geocoding failed: Network error
ERROR 2026-08-09 15:12:02,249 exceptions 11520 13928 Unhandled exception
Traceback (most recent call last):
  File "C:\Users\Tavonga\AppData\Local\Packages\PythonSoftwareFoundation.Python.3.9_qbz5n2kfra8p0\LocalCache\local-packages\Python39\site-packages\django\db\backends\utils.py", line 89, in _execute
    return self.cursor.execute(sql, params)
  File "C:\Users\Tavonga\AppData\Local\Packages\PythonSoftwareFoundation.Python.3.9_qbz5n2kfra8p0\LocalCache\local-packages\Python39\site-packages\django\db\backends\sqlite3\base.py", line 328, in execute
    return super().execute(query, params)
sqlite3.IntegrityError: datatype mismatch

The above exception was the direct cause of the following exception:

Traceback (most recent call last):
  File "C:\Users\Tavonga\AppData\Local\Packages\PythonSoftwareFoundation.Python.3.9_qbz5n2kfra8p0\LocalCache\local-packages\Python39\site-packages\rest_framework\views.py", line 506, in dispatch
    response = handler(request, *args, **kwargs)
  File "C:\Users\Tavonga\Documents\Projects\NeighbourShare\backend\transactions\views.py", line 58, in borrow_request
    TransactionEvent.objects.create(
  File "C:\Users\Tavonga\AppData\Local\Packages\PythonSoftwareFoundation.Python.3.9_qbz5n2kfra8p0\LocalCache\local-packages\Python39\site-packages\django\db\models\manager.py", line 87, in manager_method
    return getattr(self.get_queryset(), name)(*args, **kwargs)
  File "C:\Users\Tavonga\AppData\Local\Packages\PythonSoftwareFoundation.Python.3.9_qbz5n2kfra8p0\LocalCache\local-packages\Python39\site-packages\django\db\models\query.py", line 658, in create
    obj.save(force_insert=True, using=self.db)
  File "C:\Users\Tavonga\AppData\Local\Packages\PythonSoftwareFoundation.Python.3.9_qbz5n2kfra8p0\LocalCache\local-packages\Python39\site-packages\django\db\models\base.py", line 814, in save
    self.save_base(
  File "C:\Users\Tavonga\AppData\Local\Packages\PythonSoftwareFoundation.Python.3.9_qbz5n2kfra8p0\LocalCache\local-packages\Python39\site-packages\django\db\models\base.py", line 877, in save_base
    updated = self._save_table(
  File "C:\Users\Tavonga\AppData\Local\Packages\PythonSoftwareFoundation.Python.3.9_qbz5n2kfra8p0\LocalCache\local-packages\Python39\site-packages\django\db\models\base.py", line 1020, in _save_table
    results = self._do_insert(
  File "C:\Users\Tavonga\AppData\Local\Packages\PythonSoftwareFoundation.Python.3.9_qbz5n2kfra8p0\LocalCache\local-packages\Python39\site-packages\django\db\models\base.py", line 1061, in _do_insert
    return manager._insert(
  File "C:\Users\Tavonga\AppData\Local\Packages\PythonSoftwareFoundation.Python.3.9_qbz5n2kfra8p0\LocalCache\local-packages\Python39\site-packages\django\db\models\manager.py", line 87, in manager_method
    return getattr(self.get_queryset(), name)(*args, **kwargs)
  File "C:\Users\Tavonga\AppData\Local\Packages\PythonSoftwareFoundation.Python.3.9_qbz5n2kfra8p0\LocalCache\local-packages\Python39\site-packages\django\db\models\query.py", line 1805, in _insert
    return query.get_compiler(using=using).execute_sql(returning_fields)
  File "C:\Users\Tavonga\AppData\Local\Packages\PythonSoftwareFoundation.Python.3.9_qbz5n2kfra8p0\LocalCache\local-packages\Python39\site-packages\django\db\models\sql\compiler.py", line 1822, in execute_sql
    cursor.execute(sql, params)
  File "C:\Users\Tavonga\AppData\Local\Packages\PythonSoftwareFoundation.Python.3.9_qbz5n2kfra8p0\LocalCache\local-packages\Python39\site-packages\django\db\backends\utils.py", line 67, in execute
    return self._execute_with_wrappers(
  File "C:\Users\Tavonga\AppData\Local\Packages\PythonSoftwareFoundation.Python.3.9_qbz5n2kfra8p0\LocalCache\local-packages\Python39\site-packages\django\db\backends\utils.py", line 80, in _execute_with_wrappers
    return executor(sql, params, many, context)
  File "C:\Users\Tavonga\AppData\Local\Packages\PythonSoftwareFoundation.Python.3.9_qbz5n2kfra8p0\LocalCache\local-packages\Python39\site-packages\django\db\backends\utils.py", line 89, in _execute
    return self.cursor.execute(sql, params)
  File "C:\Users\Tavonga\AppData\Local\Packages\PythonSoftwareFoundation.Python.3.9_qbz5n2kfra8p0\LocalCache\local-packages\Python39\site-packages\django\db\utils.py", line 91, in __exit__
    raise dj_exc_value.with_traceback(traceback) from exc_value
  File "C:\Users\Tavonga\AppData\Local\Packages\PythonSoftwareFoundation.Python.3.9_qbz5n2kfra8p0\LocalCache\local-packages\Python39\site-packages\django\db\backends\utils.py", line 89, in _execute
    return self.cursor.execute(sql, params)
  File "C:\Users\Tavonga\AppData\Local\Packages\PythonSoftwareFoundation.Python.3.9_qbz5n2kfra8p0\LocalCache\local-packages\Python39\site-packages\django\db\backends\sqlite3\base.py", line 328, in execute
    return super().execute(query, params)
django.db.utils.IntegrityError: datatype mismatch
ERROR 2026-08-09 15:12:02,256 log 11520 13928 Internal Server Error: /api/transactions/borrow-request
WARNING 2026-08-09 15:18:25,434 log 8656 14408 Unauthorized: /api/items/
WARNING 2026-08-09 15:18:39,279 log 8656 14408 Bad Request: /api/items/search/
WARNING 2026-08-09 15:18:43,207 log 8656 14408 Forbidden: /api/items/b34dd503-668b-45e4-bb1e-5354087498fd/
WARNING 2026-08-09 15:18:53,169 log 8656 14408 Bad Request: /api/transactions/borrow-request
ERROR 2026-08-09 15:18:54,463 exceptions 8656 14408 Unhandled exception
Traceback (most recent call last):
  File "C:\Users\Tavonga\AppData\Local\Packages\PythonSoftwareFoundation.Python.3.9_qbz5n2kfra8p0\LocalCache\local-packages\Python39\site-packages\rest_framework\views.py", line 506, in dispatch
    response = handler(request, *args, **kwargs)
  File "C:\Users\Tavonga\Documents\Projects\NeighbourShare\backend\transactions\views.py", line 64, in borrow_request
    return Response(TransactionSerializer(txn, context={'request': request}).data, status=status.HTTP_201_CREATED)
  File "C:\Users\Tavonga\AppData\Local\Packages\PythonSoftwareFoundation.Python.3.9_qbz5n2kfra8p0\LocalCache\local-packages\Python39\site-packages\rest_framework\serializers.py", line 555, in data
    ret = super().data
  File "C:\Users\Tavonga\AppData\Local\Packages\PythonSoftwareFoundation.Python.3.9_qbz5n2kfra8p0\LocalCache\local-packages\Python39\site-packages\rest_framework\serializers.py", line 253, in data
    self._data = self.to_representation(self.instance)
  File "C:\Users\Tavonga\AppData\Local\Packages\PythonSoftwareFoundation.Python.3.9_qbz5n2kfra8p0\LocalCache\local-packages\Python39\site-packages\rest_framework\serializers.py", line 522, in to_representation
    ret[field.field_name] = field.to_representation(attribute)
  File "C:\Users\Tavonga\AppData\Local\Packages\PythonSoftwareFoundation.Python.3.9_qbz5n2kfra8p0\LocalCache\local-packages\Python39\site-packages\rest_framework\serializers.py", line 522, in to_representation
    ret[field.field_name] = field.to_representation(attribute)
  File "C:\Users\Tavonga\AppData\Local\Packages\PythonSoftwareFoundation.Python.3.9_qbz5n2kfra8p0\LocalCache\local-packages\Python39\site-packages\rest_framework\fields.py", line 1838, in to_representation
    return method(value)
  File "C:\Users\Tavonga\Documents\Projects\NeighbourShare\backend\users\serializers.py", line 88, in get_full_name
    return f"{obj.user.first_name} {obj.user.last_name}".strip() if obj.user else ""
AttributeError: 'User' object has no attribute 'user'
ERROR 2026-08-09 15:18:54,569 log 8656 14408 Internal Server Error: /api/transactions/borrow-request
INFO 2026-08-09 15:18:59,733 qr 8656 14408 Generated QR token for transaction 56ca78a1-0caf-42b4-b389-f5743a98c28d
INFO 2026-08-09 15:19:05,118 qr 8656 14408 Generated QR token for transaction 7cc522c7-2967-4d06-9c9e-88bc20e4f342
INFO 2026-08-09 15:19:05,119 qr 8656 14408 Verified QR token for transaction 7cc522c7-2967-4d06-9c9e-88bc20e4f342
WARNING 2026-08-09 15:19:05,120 qr 8656 14408 Invalid signature for token: 7cc522c7-2967-4d06-9...
INFO 2026-08-09 15:19:06,366 qr 8656 14408 Generated QR token for transaction 98b9a91e-221f-4e41-ab11-eadc433c3c76
INFO 2026-08-09 15:19:06,368 qr 8656 14408 Generated QR token for transaction 98b9a91e-221f-4e41-ab11-eadc433c3c76
INFO 2026-08-09 15:19:06,369 qr 8656 14408 Verified QR token for transaction 98b9a91e-221f-4e41-ab11-eadc433c3c76
INFO 2026-08-09 15:19:06,370 qr 8656 14408 Verified QR token for transaction 98b9a91e-221f-4e41-ab11-eadc433c3c76
INFO 2026-08-09 15:19:07,706 qr 8656 14408 Generated QR token for transaction 824f8ef9-53d0-475e-90f4-bc38ce40694d
INFO 2026-08-09 15:19:09,002 qr 8656 14408 Generated QR token for transaction 0887fac6-536c-4816-bccf-0d392f5832bc
INFO 2026-08-09 15:19:10,283 qr 8656 14408 Generated QR token for transaction 95061490-3bf4-41a3-8bf2-ff4d66f63e7a
INFO 2026-08-09 15:19:11,653 qr 8656 14408 Generated QR token for transaction 32aa4f9b-9c08-40eb-ba90-0b5b9e11d466
WARNING 2026-08-09 15:19:13,348 qr 8656 14408 Invalid token format: ...
INFO 2026-08-09 15:19:14,574 qr 8656 14408 Generated QR token for transaction 4b9b351a-6a21-443b-ab50-101ae6dd6434
WARNING 2026-08-09 15:19:14,575 qr 8656 14408 Token not found or expired: 4b9b351a-6a21-443b-a...
WARNING 2026-08-09 15:19:15,834 qr 8656 14408 Invalid token format: invalid:token:format...
INFO 2026-08-09 15:19:17,062 qr 8656 14408 Generated QR token for transaction 3084106b-f8f5-4a99-8860-ab0113e61ce2
INFO 2026-08-09 15:19:17,063 qr 8656 14408 Verified QR token for transaction 3084106b-f8f5-4a99-8860-ab0113e61ce2
WARNING 2026-08-09 15:19:17,064 qr 8656 14408 Token replay attempt: 3084106b-f8f5-4a99-8...
INFO 2026-08-09 15:19:18,326 qr 8656 14408 Generated QR token for transaction ddccdbaf-6a22-408a-8f2e-28c5260d39d3
WARNING 2026-08-09 15:19:18,328 qr 8656 14408 Invalid signature for token: ddccdbaf-6a22-408a-8...
INFO 2026-08-09 15:19:19,583 qr 8656 14408 Generated QR token for transaction 7074b660-0913-41d8-9073-45f555a538d8
INFO 2026-08-09 15:19:19,584 qr 8656 14408 Verified QR token for transaction 7074b660-0913-41d8-9073-45f555a538d8
INFO 2026-08-09 15:19:20,829 qr 8656 14408 Generated QR token for transaction eedfb31c-b297-4248-b92f-171f773c5d0f
WARNING 2026-08-09 15:19:20,830 qr 8656 14408 Invalid signature for token: wrong-id:1786281560:...
INFO 2026-08-09 15:19:24,203 tasks 8656 14408 Transaction d6d2ac9a-12a3-468e-9c5f-5328e6c93d42 flagged for admin review
INFO 2026-08-09 15:19:24,504 trace 8656 14408 Task transactions.tasks.flag_for_admin_review[3fb17dd2-92b5-41a3-b16f-618abd8bd2b5] succeeded in 0.2960000000020955s: None
INFO 2026-08-09 15:19:28,311 tasks 8656 14408 Transaction cac4ac4f-6154-4a35-ae16-6262505e15b4 flagged for admin review
INFO 2026-08-09 15:19:28,313 trace 8656 14408 Task transactions.tasks.flag_for_admin_review[480a0096-60ca-4870-adfd-837fa1743c9f] succeeded in 0.0s: None
INFO 2026-08-09 15:19:34,889 tasks 8656 14408 Time credits awarded for transaction 8498400f-3216-49d8-b37d-fb0da0cb0036
INFO 2026-08-09 15:19:34,891 trace 8656 14408 Task transactions.tasks.award_time_credits[f16b0e71-2197-45ad-a980-a611f5905a6f] succeeded in 0.01600000000325963s: None
INFO 2026-08-09 15:19:43,631 tasks 8656 14408 Transaction 14e3f48d-8f36-4726-9467-dc192db71f6b flagged for admin review
INFO 2026-08-09 15:19:43,632 trace 8656 14408 Task transactions.tasks.flag_for_admin_review[ca261ad8-ab0a-4748-baeb-7e95957526f6] succeeded in 0.0s: None
INFO 2026-08-09 15:19:46,309 tasks 8656 14408 Time credits awarded for transaction db0b2e74-1538-4431-a59d-af6789b13fb9
INFO 2026-08-09 15:19:46,310 trace 8656 14408 Task transactions.tasks.award_time_credits[e86b3577-4049-45a9-9c0d-ef135d376dbf] succeeded in 0.01600000000325963s: None
INFO 2026-08-09 15:19:47,516 tasks 8656 14408 Transaction d6f4b485-45ac-4ee0-977c-58c5799e0e63 flagged for admin review
INFO 2026-08-09 15:19:47,517 trace 8656 14408 Task transactions.tasks.flag_for_admin_review[b2c3b92b-dbc9-4bdb-a230-5f27f0e0554c] succeeded in 0.0s: None
INFO 2026-08-09 15:19:51,183 tasks 8656 14408 Transaction decffa4b-b91d-4220-82e0-8420585430a9 flagged for admin review
INFO 2026-08-09 15:19:51,184 trace 8656 14408 Task transactions.tasks.flag_for_admin_review[3318cfd7-3ac5-45e6-9e6a-b86f4c205e54] succeeded in 0.01600000000325963s: None
WARNING 2026-08-09 15:19:53,926 log 8656 14408 Forbidden: /api/auth/login
WARNING 2026-08-09 15:19:56,582 log 8656 14408 Unauthorized: /api/auth/login
ERROR 2026-08-09 15:19:59,712 views 8656 14408 Registration validation failed: {'email': [ErrorDetail(string='A user with this email already exists.', code='invalid')]}
WARNING 2026-08-09 15:19:59,714 log 8656 14408 Bad Request: /api/auth/register
ERROR 2026-08-09 15:19:59,719 views 8656 14408 Registration validation failed: {'email': [ErrorDetail(string='Enter a valid email address.', code='invalid')]}
WARNING 2026-08-09 15:19:59,721 log 8656 14408 Bad Request: /api/auth/register
ERROR 2026-08-09 15:19:59,726 views 8656 14408 Registration validation failed: {'confirm_password': [ErrorDetail(string='Passwords do not match.', code='invalid')]}
WARNING 2026-08-09 15:19:59,727 log 8656 14408 Bad Request: /api/auth/register
INFO 2026-08-09 15:20:01,900 verification 8656 14408 Mock verification for National ID: 12-3****
WARNING 2026-08-09 15:20:01,904 log 8656 14408 Bad Request: /api/auth/verify-id
WARNING 2026-08-09 15:20:02,659 log 8656 14408 Bad Request: /api/auth/verify-id
INFO 2026-08-09 15:20:03,350 verification 8656 14408 Mock verification for National ID: 12-3****
WARNING 2026-08-09 15:20:03,953 log 8656 14408 Bad Request: /api/auth/verify-address
INFO 2026-08-09 15:20:07,653 verification 8656 14408 Mock verification for National ID: 12-3****
ERROR 2026-08-09 15:20:07,656 verification 8656 14408 Nominatim geocoding failed: Network error
WARNING 2026-08-09 15:20:29,750 log 23648 24704 Unauthorized: /api/items/
WARNING 2026-08-09 15:20:43,836 log 23648 24704 Bad Request: /api/items/search/
WARNING 2026-08-09 15:20:48,786 log 23648 24704 Forbidden: /api/items/e7a3cd9c-63ff-4add-a8a7-d2133a48441c/
WARNING 2026-08-09 15:20:58,643 log 23648 24704 Bad Request: /api/transactions/borrow-request
ERROR 2026-08-09 15:20:59,901 exceptions 23648 24704 Unhandled exception
Traceback (most recent call last):
  File "C:\Users\Tavonga\AppData\Local\Packages\PythonSoftwareFoundation.Python.3.9_qbz5n2kfra8p0\LocalCache\local-packages\Python39\site-packages\rest_framework\views.py", line 506, in dispatch
    response = handler(request, *args, **kwargs)
  File "C:\Users\Tavonga\Documents\Projects\NeighbourShare\backend\transactions\views.py", line 64, in borrow_request
    return Response(TransactionSerializer(txn, context={'request': request}).data, status=status.HTTP_201_CREATED)
  File "C:\Users\Tavonga\AppData\Local\Packages\PythonSoftwareFoundation.Python.3.9_qbz5n2kfra8p0\LocalCache\local-packages\Python39\site-packages\rest_framework\serializers.py", line 555, in data
    ret = super().data
  File "C:\Users\Tavonga\AppData\Local\Packages\PythonSoftwareFoundation.Python.3.9_qbz5n2kfra8p0\LocalCache\local-packages\Python39\site-packages\rest_framework\serializers.py", line 253, in data
    self._data = self.to_representation(self.instance)
  File "C:\Users\Tavonga\AppData\Local\Packages\PythonSoftwareFoundation.Python.3.9_qbz5n2kfra8p0\LocalCache\local-packages\Python39\site-packages\rest_framework\serializers.py", line 522, in to_representation
    ret[field.field_name] = field.to_representation(attribute)
  File "C:\Users\Tavonga\AppData\Local\Packages\PythonSoftwareFoundation.Python.3.9_qbz5n2kfra8p0\LocalCache\local-packages\Python39\site-packages\rest_framework\serializers.py", line 522, in to_representation
    ret[field.field_name] = field.to_representation(attribute)
  File "C:\Users\Tavonga\AppData\Local\Packages\PythonSoftwareFoundation.Python.3.9_qbz5n2kfra8p0\LocalCache\local-packages\Python39\site-packages\rest_framework\fields.py", line 1838, in to_representation
    return method(value)
  File "C:\Users\Tavonga\Documents\Projects\NeighbourShare\backend\users\serializers.py", line 88, in get_full_name
    return f"{obj.user.first_name} {obj.user.last_name}".strip() if obj.user else ""
AttributeError: 'User' object has no attribute 'user'
ERROR 2026-08-09 15:20:59,909 log 23648 24704 Internal Server Error: /api/transactions/borrow-request
INFO 2026-08-09 15:21:05,290 qr 23648 24704 Generated QR token for transaction 64a76002-ddeb-4e4f-a676-287e51a56fbe
INFO 2026-08-09 15:21:10,243 qr 23648 24704 Generated QR token for transaction 84fb60eb-4e28-420f-a2fe-e8adf6e21fb5
INFO 2026-08-09 15:21:10,245 qr 23648 24704 Verified QR token for transaction 84fb60eb-4e28-420f-a2fe-e8adf6e21fb5
WARNING 2026-08-09 15:21:10,246 qr 23648 24704 Invalid signature for token: 84fb60eb-4e28-420f-a...
INFO 2026-08-09 15:21:11,470 qr 23648 24704 Generated QR token for transaction a6612bea-2e09-4407-a26d-7cdc5c001efa
INFO 2026-08-09 15:21:11,471 qr 23648 24704 Generated QR token for transaction a6612bea-2e09-4407-a26d-7cdc5c001efa
INFO 2026-08-09 15:21:11,473 qr 23648 24704 Verified QR token for transaction a6612bea-2e09-4407-a26d-7cdc5c001efa
INFO 2026-08-09 15:21:11,474 qr 23648 24704 Verified QR token for transaction a6612bea-2e09-4407-a26d-7cdc5c001efa
INFO 2026-08-09 15:21:12,845 qr 23648 24704 Generated QR token for transaction 2dada366-b79c-4cf4-aca7-f6b800b99a78
INFO 2026-08-09 15:21:14,075 qr 23648 24704 Generated QR token for transaction 5dbad24e-d650-4bd3-b337-e79d6592e132
INFO 2026-08-09 15:21:15,321 qr 23648 24704 Generated QR token for transaction 1ed7b7f0-6568-42f5-9d82-ba7534ffec15
INFO 2026-08-09 15:21:16,531 qr 23648 24704 Generated QR token for transaction 768d0ca2-0705-46c1-8702-9d335a6ba6c2
WARNING 2026-08-09 15:21:17,733 qr 23648 24704 Invalid token format: ...
INFO 2026-08-09 15:21:18,934 qr 23648 24704 Generated QR token for transaction 70e222b3-0c83-4759-b7ab-a6a9229fd1c9
WARNING 2026-08-09 15:21:18,936 qr 23648 24704 Token not found or expired: 70e222b3-0c83-4759-b...
WARNING 2026-08-09 15:21:20,155 qr 23648 24704 Invalid token format: invalid:token:format...
INFO 2026-08-09 15:21:21,376 qr 23648 24704 Generated QR token for transaction edfe522f-0817-4516-82d3-6e02727b2991
INFO 2026-08-09 15:21:21,378 qr 23648 24704 Verified QR token for transaction edfe522f-0817-4516-82d3-6e02727b2991
WARNING 2026-08-09 15:21:21,379 qr 23648 24704 Token replay attempt: edfe522f-0817-4516-8...
INFO 2026-08-09 15:21:22,697 qr 23648 24704 Generated QR token for transaction eb3a47f4-bc56-4aac-896e-3aae5a8e5dc6
WARNING 2026-08-09 15:21:22,699 qr 23648 24704 Invalid signature for token: eb3a47f4-bc56-4aac-8...
INFO 2026-08-09 15:21:23,889 qr 23648 24704 Generated QR token for transaction 8d615c28-72e1-4411-9435-3f6a249273f8
INFO 2026-08-09 15:21:23,891 qr 23648 24704 Verified QR token for transaction 8d615c28-72e1-4411-9435-3f6a249273f8
INFO 2026-08-09 15:21:25,077 qr 23648 24704 Generated QR token for transaction 3813fd01-5c28-4c0c-a7ed-7ccf6ee4e694
WARNING 2026-08-09 15:21:25,078 qr 23648 24704 Invalid signature for token: wrong-id:1786281685:...
INFO 2026-08-09 15:21:26,532 tasks 23648 24704 Transaction 9215c33a-9d80-4016-afe9-0f4a78cf15ca flagged for admin review
INFO 2026-08-09 15:21:26,746 trace 23648 24704 Task transactions.tasks.flag_for_admin_review[711ab01c-0f1b-4cc1-a31d-682d76e01334] succeeded in 0.21799999999348074s: None
INFO 2026-08-09 15:21:30,513 tasks 23648 24704 Transaction ac76d046-3d56-4457-b057-0c84992fe14e flagged for admin review
INFO 2026-08-09 15:21:30,515 trace 23648 24704 Task transactions.tasks.flag_for_admin_review[fc4278e8-326f-41f7-98ed-defb5c04e60e] succeeded in 0.01600000000325963s: None
INFO 2026-08-09 15:21:36,956 tasks 23648 24704 Time credits awarded for transaction 39324e23-b8fc-49d2-b6ef-9d6d88a12e91
INFO 2026-08-09 15:21:36,958 trace 23648 24704 Task transactions.tasks.award_time_credits[6cfd9728-f8eb-4c93-b264-d928bf438ca1] succeeded in 0.0s: None
INFO 2026-08-09 15:21:45,753 tasks 23648 24704 Transaction f4ac2cd9-2968-46cb-8d5e-aa4a31d92e9f flagged for admin review
INFO 2026-08-09 15:21:45,754 trace 23648 24704 Task transactions.tasks.flag_for_admin_review[4a46aff9-fbd7-4c34-87f2-d56000dba03b] succeeded in 0.0s: None
INFO 2026-08-09 15:21:48,213 tasks 23648 24704 Time credits awarded for transaction 56f640a8-274d-45eb-af27-a2828cf5f632
INFO 2026-08-09 15:21:48,215 trace 23648 24704 Task transactions.tasks.award_time_credits[21b3600e-d0ca-4e43-aa87-c1fc32778153] succeeded in 0.015000000013969839s: None
INFO 2026-08-09 15:21:49,478 tasks 23648 24704 Transaction 360cd0c0-5ed5-4e36-ba82-6fb52b7d61f0 flagged for admin review
INFO 2026-08-09 15:21:49,479 trace 23648 24704 Task transactions.tasks.flag_for_admin_review[318664b9-e17e-4a71-b229-6c986757d436] succeeded in 0.0s: None
INFO 2026-08-09 15:21:53,407 tasks 23648 24704 Transaction 7a3767bd-d733-4808-8311-2c35c4c3d737 flagged for admin review
INFO 2026-08-09 15:21:53,408 trace 23648 24704 Task transactions.tasks.flag_for_admin_review[dbd5f6b9-4473-4d1d-b52c-d14c0aa2b26f] succeeded in 0.0s: None
WARNING 2026-08-09 15:21:55,873 log 23648 24704 Forbidden: /api/auth/login
WARNING 2026-08-09 15:21:58,266 log 23648 24704 Unauthorized: /api/auth/login
ERROR 2026-08-09 15:22:01,681 views 23648 24704 Registration validation failed: {'email': [ErrorDetail(string='A user with this email already exists.', code='invalid')]}
WARNING 2026-08-09 15:22:01,683 log 23648 24704 Bad Request: /api/auth/register
ERROR 2026-08-09 15:22:01,688 views 23648 24704 Registration validation failed: {'email': [ErrorDetail(string='Enter a valid email address.', code='invalid')]}
WARNING 2026-08-09 15:22:01,691 log 23648 24704 Bad Request: /api/auth/register
ERROR 2026-08-09 15:22:01,700 views 23648 24704 Registration validation failed: {'confirm_password': [ErrorDetail(string='Passwords do not match.', code='invalid')]}
WARNING 2026-08-09 15:22:01,702 log 23648 24704 Bad Request: /api/auth/register
INFO 2026-08-09 15:22:03,795 verification 23648 24704 Mock verification for National ID: 12-3****
WARNING 2026-08-09 15:22:03,799 log 23648 24704 Bad Request: /api/auth/verify-id
WARNING 2026-08-09 15:22:04,456 log 23648 24704 Bad Request: /api/auth/verify-id
INFO 2026-08-09 15:22:05,056 verification 23648 24704 Mock verification for National ID: 12-3****
WARNING 2026-08-09 15:22:05,705 log 23648 24704 Bad Request: /api/auth/verify-address
INFO 2026-08-09 15:22:09,412 verification 23648 24704 Mock verification for National ID: 12-3****
ERROR 2026-08-09 15:22:09,416 verification 23648 24704 Nominatim geocoding failed: Network error
WARNING 2026-08-09 15:23:16,909 log 5964 23152 Unauthorized: /api/items/
WARNING 2026-08-09 15:23:31,041 log 5964 23152 Bad Request: /api/items/search/
WARNING 2026-08-09 15:23:35,032 log 5964 23152 Forbidden: /api/items/a90850d3-3355-4c84-8d46-7f3adff1e902/
WARNING 2026-08-09 15:23:44,536 log 5964 23152 Bad Request: /api/transactions/borrow-request
ERROR 2026-08-09 15:23:45,797 exceptions 5964 23152 Unhandled exception
Traceback (most recent call last):
  File "C:\Users\Tavonga\AppData\Local\Packages\PythonSoftwareFoundation.Python.3.9_qbz5n2kfra8p0\LocalCache\local-packages\Python39\site-packages\rest_framework\views.py", line 506, in dispatch
    response = handler(request, *args, **kwargs)
  File "C:\Users\Tavonga\Documents\Projects\NeighbourShare\backend\transactions\views.py", line 64, in borrow_request
    return Response(TransactionSerializer(txn, context={'request': request}).data, status=status.HTTP_201_CREATED)
  File "C:\Users\Tavonga\AppData\Local\Packages\PythonSoftwareFoundation.Python.3.9_qbz5n2kfra8p0\LocalCache\local-packages\Python39\site-packages\rest_framework\serializers.py", line 555, in data
    ret = super().data
  File "C:\Users\Tavonga\AppData\Local\Packages\PythonSoftwareFoundation.Python.3.9_qbz5n2kfra8p0\LocalCache\local-packages\Python39\site-packages\rest_framework\serializers.py", line 253, in data
    self._data = self.to_representation(self.instance)
  File "C:\Users\Tavonga\AppData\Local\Packages\PythonSoftwareFoundation.Python.3.9_qbz5n2kfra8p0\LocalCache\local-packages\Python39\site-packages\rest_framework\serializers.py", line 522, in to_representation
    ret[field.field_name] = field.to_representation(attribute)
  File "C:\Users\Tavonga\AppData\Local\Packages\PythonSoftwareFoundation.Python.3.9_qbz5n2kfra8p0\LocalCache\local-packages\Python39\site-packages\rest_framework\serializers.py", line 522, in to_representation
    ret[field.field_name] = field.to_representation(attribute)
  File "C:\Users\Tavonga\AppData\Local\Packages\PythonSoftwareFoundation.Python.3.9_qbz5n2kfra8p0\LocalCache\local-packages\Python39\site-packages\rest_framework\fields.py", line 1838, in to_representation
    return method(value)
  File "C:\Users\Tavonga\Documents\Projects\NeighbourShare\backend\users\serializers.py", line 88, in get_full_name
    return f"{obj.user.first_name} {obj.user.last_name}".strip() if obj.user else ""
AttributeError: 'User' object has no attribute 'user'
ERROR 2026-08-09 15:23:45,807 log 5964 23152 Internal Server Error: /api/transactions/borrow-request
INFO 2026-08-09 15:23:50,769 qr 5964 23152 Generated QR token for transaction b1abc813-f8f5-4419-898f-e40fd9d6b3f0
INFO 2026-08-09 15:23:55,747 qr 5964 23152 Generated QR token for transaction f9e0c873-0b02-4380-8b2c-d893910eee21
INFO 2026-08-09 15:23:55,748 qr 5964 23152 Verified QR token for transaction f9e0c873-0b02-4380-8b2c-d893910eee21
WARNING 2026-08-09 15:23:55,749 qr 5964 23152 Invalid signature for token: f9e0c873-0b02-4380-8...
INFO 2026-08-09 15:23:56,972 qr 5964 23152 Generated QR token for transaction 5bd9138a-68f2-4427-9e6e-7d6ca02a48b7
INFO 2026-08-09 15:23:56,973 qr 5964 23152 Generated QR token for transaction 5bd9138a-68f2-4427-9e6e-7d6ca02a48b7
INFO 2026-08-09 15:23:56,974 qr 5964 23152 Verified QR token for transaction 5bd9138a-68f2-4427-9e6e-7d6ca02a48b7
INFO 2026-08-09 15:23:56,976 qr 5964 23152 Verified QR token for transaction 5bd9138a-68f2-4427-9e6e-7d6ca02a48b7
INFO 2026-08-09 15:23:58,175 qr 5964 23152 Generated QR token for transaction 0225dcb7-b506-4b18-85a6-9870f75ccb8e
INFO 2026-08-09 15:23:59,434 qr 5964 23152 Generated QR token for transaction b0ec8a8a-af36-4778-a3e4-c93e6827bd51
INFO 2026-08-09 15:24:00,723 qr 5964 23152 Generated QR token for transaction 0351eb54-3edc-4c52-8b47-325df7f87688
INFO 2026-08-09 15:24:02,108 qr 5964 23152 Generated QR token for transaction 434f5dbd-774d-4f92-a342-b6e941366672
WARNING 2026-08-09 15:24:03,535 qr 5964 23152 Invalid token format: ...
INFO 2026-08-09 15:24:04,747 qr 5964 23152 Generated QR token for transaction 419cf185-204d-4bf6-bb12-6825120192fc
WARNING 2026-08-09 15:24:04,749 qr 5964 23152 Token not found or expired: 419cf185-204d-4bf6-b...
WARNING 2026-08-09 15:24:05,944 qr 5964 23152 Invalid token format: invalid:token:format...
INFO 2026-08-09 15:24:07,129 qr 5964 23152 Generated QR token for transaction 9f80c21d-6ea1-41b5-97be-aa48e94dba90
INFO 2026-08-09 15:24:07,131 qr 5964 23152 Verified QR token for transaction 9f80c21d-6ea1-41b5-97be-aa48e94dba90
WARNING 2026-08-09 15:24:07,132 qr 5964 23152 Token replay attempt: 9f80c21d-6ea1-41b5-9...
INFO 2026-08-09 15:24:08,343 qr 5964 23152 Generated QR token for transaction f3d5c8f4-9ecf-4f3c-9069-9cbf9f9a2415
WARNING 2026-08-09 15:24:08,344 qr 5964 23152 Invalid signature for token: f3d5c8f4-9ecf-4f3c-9...
INFO 2026-08-09 15:24:09,576 qr 5964 23152 Generated QR token for transaction ef69f8d6-18cf-4c2d-8825-db2b66a602d9
INFO 2026-08-09 15:24:09,577 qr 5964 23152 Verified QR token for transaction ef69f8d6-18cf-4c2d-8825-db2b66a602d9
INFO 2026-08-09 15:24:10,832 qr 5964 23152 Generated QR token for transaction 373aeffc-7d12-4820-af76-c6aa82f106e7
WARNING 2026-08-09 15:24:10,833 qr 5964 23152 Invalid signature for token: wrong-id:1786281850:...
INFO 2026-08-09 15:24:12,722 tasks 5964 23152 Transaction 25b93d3b-400d-410d-8d1f-b8efeebd04ef flagged for admin review
INFO 2026-08-09 15:24:12,953 trace 5964 23152 Task transactions.tasks.flag_for_admin_review[156dd348-cb5d-4fc5-95a2-d1351a00614e] succeeded in 0.23499999998603016s: None
INFO 2026-08-09 15:24:16,718 tasks 5964 23152 Transaction b5a34f69-fea8-41e8-ab40-bf26d3d6a136 flagged for admin review
INFO 2026-08-09 15:24:16,719 trace 5964 23152 Task transactions.tasks.flag_for_admin_review[0580ca59-c36d-4bcd-b961-c3d31343f165] succeeded in 0.0s: None
INFO 2026-08-09 15:24:23,205 tasks 5964 23152 Time credits awarded for transaction cbbc0d21-32f2-4861-a3b6-5472e67c627e
INFO 2026-08-09 15:24:23,207 trace 5964 23152 Task transactions.tasks.award_time_credits[3db3714d-c184-40d7-93b8-e667405fe2ea] succeeded in 0.01600000000325963s: None
INFO 2026-08-09 15:24:31,890 tasks 5964 23152 Transaction d0cb0c0b-798a-4301-83a8-e960f79d0a27 flagged for admin review
INFO 2026-08-09 15:24:31,891 trace 5964 23152 Task transactions.tasks.flag_for_admin_review[3aa64dd3-c036-4e08-96e9-40e051fcfdd1] succeeded in 0.0s: None
INFO 2026-08-09 15:24:34,557 tasks 5964 23152 Time credits awarded for transaction 21e8529f-24e3-4385-bd2e-45cb78364131
INFO 2026-08-09 15:24:34,558 trace 5964 23152 Task transactions.tasks.award_time_credits[0da4a683-d17a-4fc1-9460-f1c004aa27b3] succeeded in 0.01600000000325963s: None
INFO 2026-08-09 15:24:35,803 tasks 5964 23152 Transaction 63892876-8714-4dfe-9eb8-149d778a1144 flagged for admin review
INFO 2026-08-09 15:24:35,804 trace 5964 23152 Task transactions.tasks.flag_for_admin_review[8ecf6099-26de-4b1f-a6d2-ce9a3e62301f] succeeded in 0.0s: None
INFO 2026-08-09 15:24:39,623 tasks 5964 23152 Transaction b49cd05c-04a5-4fbc-8d4b-32f77a85eb86 flagged for admin review
INFO 2026-08-09 15:24:39,625 trace 5964 23152 Task transactions.tasks.flag_for_admin_review[e7a3ec72-6627-4a5a-b028-7d2010b07fa7] succeeded in 0.0s: None
WARNING 2026-08-09 15:24:42,061 log 5964 23152 Forbidden: /api/auth/login
WARNING 2026-08-09 15:24:44,691 log 5964 23152 Unauthorized: /api/auth/login
ERROR 2026-08-09 15:24:47,838 views 5964 23152 Registration validation failed: {'email': [ErrorDetail(string='A user with this email already exists.', code='invalid')]}
WARNING 2026-08-09 15:24:47,839 log 5964 23152 Bad Request: /api/auth/register
ERROR 2026-08-09 15:24:47,845 views 5964 23152 Registration validation failed: {'email': [ErrorDetail(string='Enter a valid email address.', code='invalid')]}
WARNING 2026-08-09 15:24:47,847 log 5964 23152 Bad Request: /api/auth/register
ERROR 2026-08-09 15:24:47,856 views 5964 23152 Registration validation failed: {'confirm_password': [ErrorDetail(string='Passwords do not match.', code='invalid')]}
WARNING 2026-08-09 15:24:47,857 log 5964 23152 Bad Request: /api/auth/register
INFO 2026-08-09 15:24:49,713 verification 5964 23152 Mock verification for National ID: 12-3****
WARNING 2026-08-09 15:24:49,717 log 5964 23152 Bad Request: /api/auth/verify-id
WARNING 2026-08-09 15:24:50,317 log 5964 23152 Bad Request: /api/auth/verify-id
INFO 2026-08-09 15:24:50,935 verification 5964 23152 Mock verification for National ID: 12-3****
WARNING 2026-08-09 15:24:51,557 log 5964 23152 Bad Request: /api/auth/verify-address
INFO 2026-08-09 15:24:55,368 verification 5964 23152 Mock verification for National ID: 12-3****
ERROR 2026-08-09 15:24:55,371 verification 5964 23152 Nominatim geocoding failed: Network error
WARNING 2026-08-09 15:25:17,266 log 11348 3084 Unauthorized: /api/items/
WARNING 2026-08-09 15:25:29,773 log 11348 3084 Bad Request: /api/items/search/
WARNING 2026-08-09 15:25:33,921 log 11348 3084 Forbidden: /api/items/4a6d7d5d-fbcc-4ed1-bc6f-0611d57f5b4e/
WARNING 2026-08-09 15:25:43,364 log 11348 3084 Bad Request: /api/transactions/borrow-request
ERROR 2026-08-09 15:25:44,590 exceptions 11348 3084 Unhandled exception
Traceback (most recent call last):
  File "C:\Users\Tavonga\AppData\Local\Packages\PythonSoftwareFoundation.Python.3.9_qbz5n2kfra8p0\LocalCache\local-packages\Python39\site-packages\rest_framework\views.py", line 506, in dispatch
    response = handler(request, *args, **kwargs)
  File "C:\Users\Tavonga\Documents\Projects\NeighbourShare\backend\transactions\views.py", line 64, in borrow_request
    return Response(TransactionSerializer(txn, context={'request': request}).data, status=status.HTTP_201_CREATED)
  File "C:\Users\Tavonga\AppData\Local\Packages\PythonSoftwareFoundation.Python.3.9_qbz5n2kfra8p0\LocalCache\local-packages\Python39\site-packages\rest_framework\serializers.py", line 555, in data
    ret = super().data
  File "C:\Users\Tavonga\AppData\Local\Packages\PythonSoftwareFoundation.Python.3.9_qbz5n2kfra8p0\LocalCache\local-packages\Python39\site-packages\rest_framework\serializers.py", line 253, in data
    self._data = self.to_representation(self.instance)
  File "C:\Users\Tavonga\AppData\Local\Packages\PythonSoftwareFoundation.Python.3.9_qbz5n2kfra8p0\LocalCache\local-packages\Python39\site-packages\rest_framework\serializers.py", line 522, in to_representation
    ret[field.field_name] = field.to_representation(attribute)
  File "C:\Users\Tavonga\AppData\Local\Packages\PythonSoftwareFoundation.Python.3.9_qbz5n2kfra8p0\LocalCache\local-packages\Python39\site-packages\rest_framework\serializers.py", line 522, in to_representation
    ret[field.field_name] = field.to_representation(attribute)
  File "C:\Users\Tavonga\AppData\Local\Packages\PythonSoftwareFoundation.Python.3.9_qbz5n2kfra8p0\LocalCache\local-packages\Python39\site-packages\rest_framework\fields.py", line 1838, in to_representation
    return method(value)
  File "C:\Users\Tavonga\Documents\Projects\NeighbourShare\backend\users\serializers.py", line 88, in get_full_name
    return f"{obj.user.first_name} {obj.user.last_name}".strip() if obj.user else ""
AttributeError: 'User' object has no attribute 'user'
ERROR 2026-08-09 15:25:44,599 log 11348 3084 Internal Server Error: /api/transactions/borrow-request
INFO 2026-08-09 15:25:49,466 qr 11348 3084 Generated QR token for transaction 8ce9d247-d499-45d9-8332-04c9bf206182
INFO 2026-08-09 15:25:54,535 qr 11348 3084 Generated QR token for transaction 3ce02bd0-f8b8-4e8b-8b44-a499b0a1c1fc
INFO 2026-08-09 15:25:54,536 qr 11348 3084 Verified QR token for transaction 3ce02bd0-f8b8-4e8b-8b44-a499b0a1c1fc
WARNING 2026-08-09 15:25:54,537 qr 11348 3084 Invalid signature for token: 3ce02bd0-f8b8-4e8b-8...
INFO 2026-08-09 15:25:55,771 qr 11348 3084 Generated QR token for transaction 95936ccc-cf1d-42cb-abb0-665a095c2de4
INFO 2026-08-09 15:25:55,772 qr 11348 3084 Generated QR token for transaction 95936ccc-cf1d-42cb-abb0-665a095c2de4
INFO 2026-08-09 15:25:55,774 qr 11348 3084 Verified QR token for transaction 95936ccc-cf1d-42cb-abb0-665a095c2de4
INFO 2026-08-09 15:25:55,774 qr 11348 3084 Verified QR token for transaction 95936ccc-cf1d-42cb-abb0-665a095c2de4
INFO 2026-08-09 15:25:57,004 qr 11348 3084 Generated QR token for transaction 057df916-173a-40b8-b910-18049195feb4
INFO 2026-08-09 15:25:58,177 qr 11348 3084 Generated QR token for transaction 42bfd84d-f7de-4af4-8e01-f79a145e1696
INFO 2026-08-09 15:25:59,376 qr 11348 3084 Generated QR token for transaction b81a5fda-2d79-41a6-8a1c-33124468e4bf
INFO 2026-08-09 15:26:00,738 qr 11348 3084 Generated QR token for transaction 9acb81e1-9ed1-42f4-9eae-9e1c3b11b951
WARNING 2026-08-09 15:26:02,111 qr 11348 3084 Invalid token format: ...
INFO 2026-08-09 15:26:03,472 qr 11348 3084 Generated QR token for transaction bf4faf26-4d9d-4466-ac04-d6967dcf96e0
WARNING 2026-08-09 15:26:03,474 qr 11348 3084 Token not found or expired: bf4faf26-4d9d-4466-a...
WARNING 2026-08-09 15:26:04,684 qr 11348 3084 Invalid token format: invalid:token:format...
INFO 2026-08-09 15:26:05,956 qr 11348 3084 Generated QR token for transaction 771f1e34-97e8-46f0-9689-831c47eb9b71
INFO 2026-08-09 15:26:05,958 qr 11348 3084 Verified QR token for transaction 771f1e34-97e8-46f0-9689-831c47eb9b71
WARNING 2026-08-09 15:26:05,960 qr 11348 3084 Token replay attempt: 771f1e34-97e8-46f0-9...
INFO 2026-08-09 15:26:07,182 qr 11348 3084 Generated QR token for transaction 1cf60147-47c6-4fda-a4e9-d8519431444a
WARNING 2026-08-09 15:26:07,183 qr 11348 3084 Invalid signature for token: 1cf60147-47c6-4fda-a...
INFO 2026-08-09 15:26:08,427 qr 11348 3084 Generated QR token for transaction 04d31df4-5024-4119-bdce-b0b5a2f6cffc
INFO 2026-08-09 15:26:08,429 qr 11348 3084 Verified QR token for transaction 04d31df4-5024-4119-bdce-b0b5a2f6cffc
INFO 2026-08-09 15:26:09,679 qr 11348 3084 Generated QR token for transaction 381b950f-4719-497a-be3e-7b7535c38b12
WARNING 2026-08-09 15:26:09,681 qr 11348 3084 Invalid signature for token: wrong-id:1786281969:...
INFO 2026-08-09 15:26:11,144 tasks 11348 3084 Transaction 463a7770-4085-474b-ba17-b4f65089ebb4 flagged for admin review
INFO 2026-08-09 15:26:11,356 trace 11348 3084 Task transactions.tasks.flag_for_admin_review[81785eca-0158-4567-ac6e-1b67abb2be7f] succeeded in 0.21899999998277053s: None
INFO 2026-08-09 15:26:15,298 tasks 11348 3084 Transaction 03b80850-312b-4a05-8733-72a49acbc10a flagged for admin review
INFO 2026-08-09 15:26:15,299 trace 11348 3084 Task transactions.tasks.flag_for_admin_review[25a05650-d6e5-4d40-8cee-32356f83c934] succeeded in 0.0s: None
INFO 2026-08-09 15:26:21,429 tasks 11348 3084 Time credits awarded for transaction b29692c3-2233-44b4-89aa-fde1df58d64b
INFO 2026-08-09 15:26:21,430 trace 11348 3084 Task transactions.tasks.award_time_credits[3e0dbd8e-f5db-4aba-b840-9f3a41573a7b] succeeded in 0.0s: None
INFO 2026-08-09 15:26:30,040 tasks 11348 3084 Transaction fa4a3dfe-4932-4930-9a72-d94b7207cc39 flagged for admin review
INFO 2026-08-09 15:26:30,041 trace 11348 3084 Task transactions.tasks.flag_for_admin_review[0adf33b7-8a37-4ab9-a1cb-1d1a3b626af2] succeeded in 0.0s: None
INFO 2026-08-09 15:26:32,861 tasks 11348 3084 Time credits awarded for transaction ae7e0196-cece-45e5-a6e3-6626bc977425
INFO 2026-08-09 15:26:32,862 trace 11348 3084 Task transactions.tasks.award_time_credits[c110a94b-c84d-4417-95e7-d9182fcf0fa8] succeeded in 0.0159999999741558s: None
INFO 2026-08-09 15:26:34,098 tasks 11348 3084 Transaction 7ea9b98b-6d6b-40f7-aa34-9ef22790980f flagged for admin review
INFO 2026-08-09 15:26:34,099 trace 11348 3084 Task transactions.tasks.flag_for_admin_review[0f4e857d-6ef0-4de3-862a-f68ed1422142] succeeded in 0.0s: None
INFO 2026-08-09 15:26:37,757 tasks 11348 3084 Transaction 6640dc57-fd1e-440a-9025-4be5b1624721 flagged for admin review
INFO 2026-08-09 15:26:37,759 trace 11348 3084 Task transactions.tasks.flag_for_admin_review[3c356228-0d02-4ff0-ada3-efb71e6cbd36] succeeded in 0.0s: None
WARNING 2026-08-09 15:26:40,267 log 11348 3084 Forbidden: /api/auth/login
WARNING 2026-08-09 15:26:42,825 log 11348 3084 Unauthorized: /api/auth/login
ERROR 2026-08-09 15:26:45,978 views 11348 3084 Registration validation failed: {'email': [ErrorDetail(string='A user with this email already exists.', code='invalid')]}
WARNING 2026-08-09 15:26:45,980 log 11348 3084 Bad Request: /api/auth/register
ERROR 2026-08-09 15:26:45,987 views 11348 3084 Registration validation failed: {'email': [ErrorDetail(string='Enter a valid email address.', code='invalid')]}
WARNING 2026-08-09 15:26:45,988 log 11348 3084 Bad Request: /api/auth/register
ERROR 2026-08-09 15:26:45,995 views 11348 3084 Registration validation failed: {'confirm_password': [ErrorDetail(string='Passwords do not match.', code='invalid')]}
WARNING 2026-08-09 15:26:45,996 log 11348 3084 Bad Request: /api/auth/register
INFO 2026-08-09 15:26:47,855 verification 11348 3084 Mock verification for National ID: 12-3****
WARNING 2026-08-09 15:26:47,858 log 11348 3084 Bad Request: /api/auth/verify-id
WARNING 2026-08-09 15:26:48,486 log 11348 3084 Bad Request: /api/auth/verify-id
INFO 2026-08-09 15:26:49,089 verification 11348 3084 Mock verification for National ID: 12-3****
WARNING 2026-08-09 15:26:49,699 log 11348 3084 Bad Request: /api/auth/verify-address
INFO 2026-08-09 15:26:53,476 verification 11348 3084 Mock verification for National ID: 12-3****
ERROR 2026-08-09 15:26:53,479 verification 11348 3084 Nominatim geocoding failed: Network error
ERROR 2026-08-09 15:27:17,840 exceptions 21800 22048 Unhandled exception
Traceback (most recent call last):
  File "C:\Users\Tavonga\AppData\Local\Packages\PythonSoftwareFoundation.Python.3.9_qbz5n2kfra8p0\LocalCache\local-packages\Python39\site-packages\rest_framework\views.py", line 506, in dispatch
    response = handler(request, *args, **kwargs)
  File "C:\Users\Tavonga\Documents\Projects\NeighbourShare\backend\transactions\views.py", line 64, in borrow_request
    return Response(TransactionSerializer(txn, context={'request': request}).data, status=status.HTTP_201_CREATED)
  File "C:\Users\Tavonga\AppData\Local\Packages\PythonSoftwareFoundation.Python.3.9_qbz5n2kfra8p0\LocalCache\local-packages\Python39\site-packages\rest_framework\serializers.py", line 555, in data
    ret = super().data
  File "C:\Users\Tavonga\AppData\Local\Packages\PythonSoftwareFoundation.Python.3.9_qbz5n2kfra8p0\LocalCache\local-packages\Python39\site-packages\rest_framework\serializers.py", line 253, in data
    self._data = self.to_representation(self.instance)
  File "C:\Users\Tavonga\AppData\Local\Packages\PythonSoftwareFoundation.Python.3.9_qbz5n2kfra8p0\LocalCache\local-packages\Python39\site-packages\rest_framework\serializers.py", line 522, in to_representation
    ret[field.field_name] = field.to_representation(attribute)
  File "C:\Users\Tavonga\AppData\Local\Packages\PythonSoftwareFoundation.Python.3.9_qbz5n2kfra8p0\LocalCache\local-packages\Python39\site-packages\rest_framework\serializers.py", line 522, in to_representation
    ret[field.field_name] = field.to_representation(attribute)
  File "C:\Users\Tavonga\AppData\Local\Packages\PythonSoftwareFoundation.Python.3.9_qbz5n2kfra8p0\LocalCache\local-packages\Python39\site-packages\rest_framework\fields.py", line 1838, in to_representation
    return method(value)
  File "C:\Users\Tavonga\Documents\Projects\NeighbourShare\backend\users\serializers.py", line 88, in get_full_name
    return f"{obj.user.first_name} {obj.user.last_name}".strip() if obj.user else ""
AttributeError: 'User' object has no attribute 'user'
ERROR 2026-08-09 15:27:17,849 log 21800 22048 Internal Server Error: /api/transactions/borrow-request
ERROR 2026-08-09 15:27:41,110 exceptions 24120 16860 Unhandled exception
Traceback (most recent call last):
  File "C:\Users\Tavonga\AppData\Local\Packages\PythonSoftwareFoundation.Python.3.9_qbz5n2kfra8p0\LocalCache\local-packages\Python39\site-packages\rest_framework\views.py", line 506, in dispatch
    response = handler(request, *args, **kwargs)
  File "C:\Users\Tavonga\Documents\Projects\NeighbourShare\backend\transactions\views.py", line 64, in borrow_request
    return Response(TransactionSerializer(txn, context={'request': request}).data, status=status.HTTP_201_CREATED)
  File "C:\Users\Tavonga\AppData\Local\Packages\PythonSoftwareFoundation.Python.3.9_qbz5n2kfra8p0\LocalCache\local-packages\Python39\site-packages\rest_framework\serializers.py", line 555, in data
    ret = super().data
  File "C:\Users\Tavonga\AppData\Local\Packages\PythonSoftwareFoundation.Python.3.9_qbz5n2kfra8p0\LocalCache\local-packages\Python39\site-packages\rest_framework\serializers.py", line 253, in data
    self._data = self.to_representation(self.instance)
  File "C:\Users\Tavonga\AppData\Local\Packages\PythonSoftwareFoundation.Python.3.9_qbz5n2kfra8p0\LocalCache\local-packages\Python39\site-packages\rest_framework\serializers.py", line 522, in to_representation
    ret[field.field_name] = field.to_representation(attribute)
  File "C:\Users\Tavonga\AppData\Local\Packages\PythonSoftwareFoundation.Python.3.9_qbz5n2kfra8p0\LocalCache\local-packages\Python39\site-packages\rest_framework\serializers.py", line 522, in to_representation
    ret[field.field_name] = field.to_representation(attribute)
  File "C:\Users\Tavonga\AppData\Local\Packages\PythonSoftwareFoundation.Python.3.9_qbz5n2kfra8p0\LocalCache\local-packages\Python39\site-packages\rest_framework\fields.py", line 1838, in to_representation
    return method(value)
  File "C:\Users\Tavonga\Documents\Projects\NeighbourShare\backend\users\serializers.py", line 88, in get_full_name
    return f"{obj.user.first_name} {obj.user.last_name}".strip() if obj.user else ""
AttributeError: 'User' object has no attribute 'user'
ERROR 2026-08-09 15:27:41,118 log 24120 16860 Internal Server Error: /api/transactions/borrow-request
INFO 2026-08-09 15:28:05,200 autoreload 2584 2792 C:\Users\Tavonga\Documents\Projects\NeighbourShare\backend\transactions\serializers.py changed, reloading.
INFO 2026-08-09 15:28:10,862 autoreload 22296 2748 Watching for file changes with StatReloader
WARNING 2026-08-09 15:28:26,380 log 19052 20620 Unauthorized: /api/items/
WARNING 2026-08-09 15:28:39,113 log 19052 20620 Bad Request: /api/items/search/
WARNING 2026-08-09 15:28:42,970 log 19052 20620 Forbidden: /api/items/7ed0f8f9-0bf0-4825-9647-1bb79e49f0ad/
WARNING 2026-08-09 15:28:52,469 log 19052 20620 Bad Request: /api/transactions/borrow-request
INFO 2026-08-09 15:28:55,275 tasks 19052 20620 Transaction 71069ae5-3038-4416-88b8-07657402d5d2 flagged for admin review
INFO 2026-08-09 15:28:55,478 trace 19052 20620 Task transactions.tasks.flag_for_admin_review[10720481-99fa-4d29-b18f-0b9bd87f4b3e] succeeded in 0.20300000000861473s: None
INFO 2026-08-09 15:28:56,754 qr 19052 20620 Generated QR token for transaction 46fde5c4-5902-4f65-9f5f-b58ef730e885
WARNING 2026-08-09 15:28:57,994 log 19052 20620 Bad Request: /api/transactions/61f8f8a4-0aad-442e-87f7-8b90a49a9e95/rating/
INFO 2026-08-09 15:28:59,232 qr 19052 20620 Generated QR token for transaction cdb3369c-e7b2-4af9-bf0f-be658a9ec49a
INFO 2026-08-09 15:29:04,559 qr 19052 20620 Generated QR token for transaction 9319a44d-dee0-4525-aca3-431b4fbc8de6
INFO 2026-08-09 15:29:04,560 qr 19052 20620 Verified QR token for transaction 9319a44d-dee0-4525-aca3-431b4fbc8de6
WARNING 2026-08-09 15:29:04,562 qr 19052 20620 Invalid signature for token: 9319a44d-dee0-4525-a...
INFO 2026-08-09 15:29:05,765 qr 19052 20620 Generated QR token for transaction a1e15239-02c4-4931-9dd7-cccbc1e1828f
INFO 2026-08-09 15:29:05,767 qr 19052 20620 Generated QR token for transaction a1e15239-02c4-4931-9dd7-cccbc1e1828f
INFO 2026-08-09 15:29:05,768 qr 19052 20620 Verified QR token for transaction a1e15239-02c4-4931-9dd7-cccbc1e1828f
INFO 2026-08-09 15:29:05,769 qr 19052 20620 Verified QR token for transaction a1e15239-02c4-4931-9dd7-cccbc1e1828f
INFO 2026-08-09 15:29:06,955 qr 19052 20620 Generated QR token for transaction 9c78ee62-eae4-4e21-8a02-57dad24b025f
INFO 2026-08-09 15:29:08,154 qr 19052 20620 Generated QR token for transaction e5019616-afcc-4d26-9099-67f2a951ce64
INFO 2026-08-09 15:29:09,402 qr 19052 20620 Generated QR token for transaction f2b02f11-787b-47ee-b68c-6da180023a73
INFO 2026-08-09 15:29:10,628 qr 19052 20620 Generated QR token for transaction e28ca457-257f-4e74-96c5-aff3db7f8f84
WARNING 2026-08-09 15:29:12,080 qr 19052 20620 Invalid token format: ...
INFO 2026-08-09 15:29:13,613 qr 19052 20620 Generated QR token for transaction 76ced09b-b9bc-4ae4-8e2d-70e20f460e80
WARNING 2026-08-09 15:29:13,615 qr 19052 20620 Token not found or expired: 76ced09b-b9bc-4ae4-8...
WARNING 2026-08-09 15:29:14,936 qr 19052 20620 Invalid token format: invalid:token:format...
INFO 2026-08-09 15:29:16,129 qr 19052 20620 Generated QR token for transaction a79c2cd0-ec3f-45cc-9f06-6087b7a77191
INFO 2026-08-09 15:29:16,130 qr 19052 20620 Verified QR token for transaction a79c2cd0-ec3f-45cc-9f06-6087b7a77191
WARNING 2026-08-09 15:29:16,131 qr 19052 20620 Token replay attempt: a79c2cd0-ec3f-45cc-9...
INFO 2026-08-09 15:29:17,311 qr 19052 20620 Generated QR token for transaction 80c7bc82-93a4-45e5-aab5-f6a472f2dd6d
WARNING 2026-08-09 15:29:17,312 qr 19052 20620 Invalid signature for token: 80c7bc82-93a4-45e5-a...
INFO 2026-08-09 15:29:18,537 qr 19052 20620 Generated QR token for transaction 98ddae5c-f1f7-4b2d-8990-6c819c473aa8
INFO 2026-08-09 15:29:18,538 qr 19052 20620 Verified QR token for transaction 98ddae5c-f1f7-4b2d-8990-6c819c473aa8
INFO 2026-08-09 15:29:19,726 qr 19052 20620 Generated QR token for transaction 457ab93c-acd0-405b-ac8c-ec2783f01bd5
WARNING 2026-08-09 15:29:19,727 qr 19052 20620 Invalid signature for token: wrong-id:1786282159:...
INFO 2026-08-09 15:29:20,934 tasks 19052 20620 Transaction 88392350-795e-41d2-9612-15f84e9d78de flagged for admin review
INFO 2026-08-09 15:29:20,935 trace 19052 20620 Task transactions.tasks.flag_for_admin_review[c6d425f9-ab38-4fb3-9953-820b1d59369d] succeeded in 0.01600000000325963s: None
INFO 2026-08-09 15:29:24,666 tasks 19052 20620 Transaction e0715bd5-b41a-4c99-86a4-04ef762967e9 flagged for admin review
INFO 2026-08-09 15:29:24,667 trace 19052 20620 Task transactions.tasks.flag_for_admin_review[a4bac56a-2f98-47ca-a844-7c1d5ef48038] succeeded in 0.014999999984866008s: None
INFO 2026-08-09 15:29:30,757 tasks 19052 20620 Time credits awarded for transaction 6346d878-73d5-4437-95c4-54d1ab73035a
INFO 2026-08-09 15:29:30,758 trace 19052 20620 Task transactions.tasks.award_time_credits[b4016a45-c7a3-4824-ba1d-46f50a2ef47f] succeeded in 0.015000000013969839s: None
INFO 2026-08-09 15:29:39,689 tasks 19052 20620 Transaction a96221e0-c33a-4d18-ba3a-4d8f6b644542 flagged for admin review
INFO 2026-08-09 15:29:39,690 trace 19052 20620 Task transactions.tasks.flag_for_admin_review[21da9d6d-e15e-4b87-afae-9b0746226791] succeeded in 0.0s: None
INFO 2026-08-09 15:29:42,126 tasks 19052 20620 Time credits awarded for transaction 673bd1a9-b03c-4c2a-9f56-e715c57093d3
INFO 2026-08-09 15:29:42,128 trace 19052 20620 Task transactions.tasks.award_time_credits[d1622c29-1798-4574-af62-86506cd4e329] succeeded in 0.015000000013969839s: None
INFO 2026-08-09 15:29:43,557 tasks 19052 20620 Transaction 297e2d03-2fae-4e69-950b-b8155a979a67 flagged for admin review
INFO 2026-08-09 15:29:43,558 trace 19052 20620 Task transactions.tasks.flag_for_admin_review[f0e53a26-7b68-40b3-b988-23f2c1e14801] succeeded in 0.01600000000325963s: None
INFO 2026-08-09 15:29:47,312 tasks 19052 20620 Transaction 5c302aa9-0b5f-4638-b9f9-04729665c964 flagged for admin review
INFO 2026-08-09 15:29:47,314 trace 19052 20620 Task transactions.tasks.flag_for_admin_review[7098ab64-7f8f-4bbf-98dc-26f6a0967dfd] succeeded in 0.0s: None
WARNING 2026-08-09 15:29:49,804 log 19052 20620 Forbidden: /api/auth/login
WARNING 2026-08-09 15:29:52,303 log 19052 20620 Unauthorized: /api/auth/login
ERROR 2026-08-09 15:29:55,566 views 19052 20620 Registration validation failed: {'email': [ErrorDetail(string='A user with this email already exists.', code='invalid')]}
WARNING 2026-08-09 15:29:55,568 log 19052 20620 Bad Request: /api/auth/register
ERROR 2026-08-09 15:29:55,573 views 19052 20620 Registration validation failed: {'email': [ErrorDetail(string='Enter a valid email address.', code='invalid')]}
WARNING 2026-08-09 15:29:55,575 log 19052 20620 Bad Request: /api/auth/register
ERROR 2026-08-09 15:29:55,583 views 19052 20620 Registration validation failed: {'confirm_password': [ErrorDetail(string='Passwords do not match.', code='invalid')]}
WARNING 2026-08-09 15:29:55,584 log 19052 20620 Bad Request: /api/auth/register
INFO 2026-08-09 15:29:57,426 verification 19052 20620 Mock verification for National ID: 12-3****
WARNING 2026-08-09 15:29:57,430 log 19052 20620 Bad Request: /api/auth/verify-id
WARNING 2026-08-09 15:29:58,021 log 19052 20620 Bad Request: /api/auth/verify-id
INFO 2026-08-09 15:29:58,656 verification 19052 20620 Mock verification for National ID: 12-3****
WARNING 2026-08-09 15:29:59,288 log 19052 20620 Bad Request: /api/auth/verify-address
INFO 2026-08-09 15:30:03,432 verification 19052 20620 Mock verification for National ID: 12-3****
ERROR 2026-08-09 15:30:03,435 verification 19052 20620 Nominatim geocoding failed: Network error
INFO 2026-08-09 21:25:09,781 basehttp 17396 17688 "OPTIONS /api/items/search?lat=-17.7833&lng=31.05&radius_km=10&sort=newest HTTP/1.1" 200 0
INFO 2026-08-09 21:25:09,785 basehttp 17396 12004 "OPTIONS /api/auth/refresh HTTP/1.1" 200 0
INFO 2026-08-09 21:25:09,802 basehttp 17396 19344 "OPTIONS /api/items/search?lat=-17.7833&lng=31.05&radius_km=10&sort=newest HTTP/1.1" 200 0
INFO 2026-08-09 21:25:09,811 basehttp 17396 20792 "OPTIONS /api/auth/refresh HTTP/1.1" 200 0
INFO 2026-08-09 21:25:09,811 basehttp 17396 17688 "OPTIONS /api/items/search/?lat=-17.7833&lng=31.05&radius_km=10&sort=newest HTTP/1.1" 200 0
WARNING 2026-08-09 21:25:09,929 log 17396 12004 Unauthorized: /api/auth/refresh
INFO 2026-08-09 21:25:09,930 basehttp 17396 19344 "OPTIONS /api/items/search/?lat=-17.7833&lng=31.05&radius_km=10&sort=newest HTTP/1.1" 200 0
WARNING 2026-08-09 21:25:09,936 log 17396 20792 Unauthorized: /api/auth/refresh
WARNING 2026-08-09 21:25:09,951 log 17396 17688 Unauthorized: /api/items/search/
WARNING 2026-08-09 21:25:09,954 basehttp 17396 12004 "POST /api/auth/refresh HTTP/1.1" 401 269
WARNING 2026-08-09 21:25:09,959 basehttp 17396 20792 "POST /api/auth/refresh HTTP/1.1" 401 269
WARNING 2026-08-09 21:25:09,961 basehttp 17396 17688 "GET /api/items/search/?lat=-17.7833&lng=31.05&radius_km=10&sort=newest HTTP/1.1" 401 269
INFO 2026-08-09 21:25:09,971 basehttp 17396 20792 "OPTIONS /api/auth/refresh/ HTTP/1.1" 200 0
WARNING 2026-08-09 21:25:10,005 log 17396 17688 Unauthorized: /api/items/search/
INFO 2026-08-09 21:25:10,009 basehttp 17396 12004 "OPTIONS /api/auth/refresh/ HTTP/1.1" 200 0
WARNING 2026-08-09 21:25:10,021 basehttp 17396 17688 "GET /api/items/search/?lat=-17.7833&lng=31.05&radius_km=10&sort=newest HTTP/1.1" 401 269
WARNING 2026-08-09 21:25:10,150 log 17396 20792 Not Found: /api/auth/refresh/
WARNING 2026-08-09 21:25:10,153 log 17396 12004 Not Found: /api/auth/refresh/
WARNING 2026-08-09 21:25:10,163 basehttp 17396 12004 "POST /api/auth/refresh/ HTTP/1.1" 404 3904
WARNING 2026-08-09 21:25:10,175 basehttp 17396 20792 "POST /api/auth/refresh/ HTTP/1.1" 404 3904
INFO 2026-08-09 21:54:41,548 basehttp 17396 1752 "GET /api/items/search/?lat=-17.7833&lng=31.05&radius_km=10&sort=newest HTTP/1.1" 200 1540
INFO 2026-08-09 21:54:41,610 basehttp 17396 1752 "GET /api/items/search/?lat=-17.7833&lng=31.05&radius_km=10&sort=newest HTTP/1.1" 200 1540
INFO 2026-08-09 21:56:32,476 basehttp 17396 1752 "GET /api/items/search/?lat=-17.7833&lng=31.05&radius_km=10&sort=newest HTTP/1.1" 200 1540
INFO 2026-08-09 21:56:32,529 basehttp 17396 1752 "GET /api/items/search/?lat=-17.7833&lng=31.05&radius_km=10&sort=newest HTTP/1.1" 200 1540
INFO 2026-08-09 22:01:16,447 basehttp 17396 1752 "GET /api/items/search/?lat=-17.7833&lng=31.05&radius_km=10&sort=newest HTTP/1.1" 200 1540
INFO 2026-08-09 22:01:16,489 basehttp 17396 1752 "GET /api/items/search/?lat=-17.7833&lng=31.05&radius_km=10&sort=newest HTTP/1.1" 200 1540
INFO 2026-08-10 11:00:05,354 basehttp 17396 17740 "GET /api/items/search/?lat=-17.7833&lng=31.05&radius_km=10&sort=newest HTTP/1.1" 200 1540
INFO 2026-08-10 11:00:05,427 basehttp 17396 17740 "GET /api/items/search/?lat=-17.7833&lng=31.05&radius_km=10&sort=newest HTTP/1.1" 200 1540
INFO 2026-08-10 11:29:28,109 basehttp 17396 2180 "GET /api/items/search/?lat=-17.7833&lng=31.05&radius_km=10&sort=newest HTTP/1.1" 200 1540
INFO 2026-08-10 11:29:28,191 basehttp 17396 2180 "GET /api/items/search/?lat=-17.7833&lng=31.05&radius_km=10&sort=newest HTTP/1.1" 200 1540
INFO 2026-08-10 11:32:11,066 basehttp 17396 2180 "GET /api/items/search/?lat=-17.7833&lng=31.05&radius_km=10&sort=newest HTTP/1.1" 200 1540
INFO 2026-08-10 11:32:11,176 basehttp 17396 2180 "GET /api/items/search/?lat=-17.7833&lng=31.05&radius_km=10&sort=newest HTTP/1.1" 200 1540
INFO 2026-08-10 11:35:29,812 basehttp 17396 2180 "GET /api/items/search/?lat=-17.7833&lng=31.05&radius_km=10&sort=newest HTTP/1.1" 200 1540
INFO 2026-08-10 11:35:29,855 basehttp 17396 2180 "GET /api/items/search/?lat=-17.7833&lng=31.05&radius_km=10&sort=newest HTTP/1.1" 200 1540
WARNING 2026-08-10 12:48:49,987 log 20780 6828 Unauthorized: /api/items/
WARNING 2026-08-10 12:49:01,986 log 20780 6828 Bad Request: /api/items/search/
WARNING 2026-08-10 12:49:05,391 log 20780 6828 Forbidden: /api/items/305e26b4-fe7d-4667-a89f-1e12b2358bfb/
WARNING 2026-08-10 12:49:16,748 log 20780 6828 Bad Request: /api/transactions/borrow-request
INFO 2026-08-10 12:49:21,237 tasks 20780 6828 Transaction 71b2f59a-9bfd-4bad-afe2-2c7b87f4c947 flagged for admin review
INFO 2026-08-10 12:49:21,523 trace 20780 6828 Task transactions.tasks.flag_for_admin_review[81725771-e494-456b-911e-72c4a507d5b8] succeeded in 0.2809999999590218s: None
INFO 2026-08-10 12:49:22,741 qr 20780 6828 Generated QR token for transaction 98804cb1-2892-45fe-97ff-802b7c4d11bd
WARNING 2026-08-10 12:49:23,986 log 20780 6828 Bad Request: /api/transactions/7a3d8958-84c5-44e7-8141-4eb061b1202c/rating/
INFO 2026-08-10 12:49:25,179 qr 20780 6828 Generated QR token for transaction 4a7876d8-9031-453e-ba08-747414c8ae25
INFO 2026-08-10 12:49:30,103 qr 20780 6828 Generated QR token for transaction 750691b1-00fc-467a-86cd-b4670dfd3353
INFO 2026-08-10 12:49:30,104 qr 20780 6828 Verified QR token for transaction 750691b1-00fc-467a-86cd-b4670dfd3353
WARNING 2026-08-10 12:49:30,105 qr 20780 6828 Invalid signature for token: 750691b1-00fc-467a-8...
INFO 2026-08-10 12:49:31,211 qr 20780 6828 Generated QR token for transaction f6b10f98-33f3-4dae-befa-c5dc22d7b240
INFO 2026-08-10 12:49:31,212 qr 20780 6828 Generated QR token for transaction f6b10f98-33f3-4dae-befa-c5dc22d7b240
INFO 2026-08-10 12:49:31,213 qr 20780 6828 Verified QR token for transaction f6b10f98-33f3-4dae-befa-c5dc22d7b240
INFO 2026-08-10 12:49:31,214 qr 20780 6828 Verified QR token for transaction f6b10f98-33f3-4dae-befa-c5dc22d7b240
INFO 2026-08-10 12:49:32,382 qr 20780 6828 Generated QR token for transaction 4bb241be-78b1-4250-9329-f347b4664295
INFO 2026-08-10 12:49:33,514 qr 20780 6828 Generated QR token for transaction de613197-b7e5-42b9-b27e-b3379ca333ee
INFO 2026-08-10 12:49:34,650 qr 20780 6828 Generated QR token for transaction 20fbfb61-ed19-44bc-9b06-3fe4c1f65924
INFO 2026-08-10 12:49:35,771 qr 20780 6828 Generated QR token for transaction 71b1977d-a579-4357-8b43-a6f116110512
WARNING 2026-08-10 12:49:36,988 qr 20780 6828 Invalid token format: ...
INFO 2026-08-10 12:49:38,229 qr 20780 6828 Generated QR token for transaction 694136cd-238a-4dba-8ccf-dcba8c1126e0
WARNING 2026-08-10 12:49:38,230 qr 20780 6828 Token not found or expired: 694136cd-238a-4dba-8...
WARNING 2026-08-10 12:49:39,931 qr 20780 6828 Invalid token format: invalid:token:format...
INFO 2026-08-10 12:49:41,622 qr 20780 6828 Generated QR token for transaction 0db7a1be-598e-4542-9f4d-8e6c0f718689
INFO 2026-08-10 12:49:41,623 qr 20780 6828 Verified QR token for transaction 0db7a1be-598e-4542-9f4d-8e6c0f718689
WARNING 2026-08-10 12:49:41,625 qr 20780 6828 Token replay attempt: 0db7a1be-598e-4542-9...
INFO 2026-08-10 12:49:42,982 qr 20780 6828 Generated QR token for transaction 769dc6e8-2326-4109-839e-7923931730f3
WARNING 2026-08-10 12:49:42,984 qr 20780 6828 Invalid signature for token: 769dc6e8-2326-4109-8...
INFO 2026-08-10 12:49:44,151 qr 20780 6828 Generated QR token for transaction 23277994-05d2-4ac6-99a4-b106c97194b6
INFO 2026-08-10 12:49:44,153 qr 20780 6828 Verified QR token for transaction 23277994-05d2-4ac6-99a4-b106c97194b6
INFO 2026-08-10 12:49:45,331 qr 20780 6828 Generated QR token for transaction 34928494-29c6-4bea-b318-0b4035814cb4
WARNING 2026-08-10 12:49:45,332 qr 20780 6828 Invalid signature for token: wrong-id:1786358985:...
INFO 2026-08-10 12:49:46,492 tasks 20780 6828 Transaction c4021e54-92fe-4f36-8410-6dda1401cca3 flagged for admin review
INFO 2026-08-10 12:49:46,493 trace 20780 6828 Task transactions.tasks.flag_for_admin_review[776ab593-e270-4c73-a812-cbcd7500c722] succeeded in 0.0s: None
INFO 2026-08-10 12:49:50,243 tasks 20780 6828 Transaction 5640598b-8ac5-48c6-9865-3d47668036f8 flagged for admin review
INFO 2026-08-10 12:49:50,244 trace 20780 6828 Task transactions.tasks.flag_for_admin_review[0850386f-0bef-48da-b074-084e4765b045] succeeded in 0.0s: None
INFO 2026-08-10 12:49:56,069 tasks 20780 6828 Time credits awarded for transaction 6ac2c15a-703b-43ec-bc59-a7a33742f740
INFO 2026-08-10 12:49:56,070 trace 20780 6828 Task transactions.tasks.award_time_credits[cab43715-bab7-47ea-b27e-0ed70cbc3978] succeeded in 0.0s: None
INFO 2026-08-10 12:50:04,406 tasks 20780 6828 Transaction 7d623cd4-7a69-4059-bb93-f9f5d517c7c5 flagged for admin review
INFO 2026-08-10 12:50:04,407 trace 20780 6828 Task transactions.tasks.flag_for_admin_review[bdf5bd5c-8a7a-494f-b073-d8dfa16f5199] succeeded in 0.0s: None
INFO 2026-08-10 12:50:06,752 tasks 20780 6828 Time credits awarded for transaction a857f92d-1030-4708-aaeb-d2bd8dd5b5f7
INFO 2026-08-10 12:50:06,753 trace 20780 6828 Task transactions.tasks.award_time_credits[593a2ed1-367c-40e0-9aba-9c64e9df6a8e] succeeded in 0.014999999955762178s: None
INFO 2026-08-10 12:50:07,988 tasks 20780 6828 Transaction 6506d588-f696-4446-b70f-b6a2d703dbf1 flagged for admin review
INFO 2026-08-10 12:50:07,989 trace 20780 6828 Task transactions.tasks.flag_for_admin_review[eabbb6c0-e709-4050-8a86-9eb8cd7ae48e] succeeded in 0.0s: None
INFO 2026-08-10 12:50:11,768 tasks 20780 6828 Transaction 9e2d5ce7-a247-467c-9976-72f659ae6a75 flagged for admin review
INFO 2026-08-10 12:50:11,769 trace 20780 6828 Task transactions.tasks.flag_for_admin_review[91eeb496-8fd7-4224-9267-3a2a3ac7197b] succeeded in 0.0s: None
WARNING 2026-08-10 12:50:14,095 log 20780 6828 Forbidden: /api/auth/login
WARNING 2026-08-10 12:50:16,415 log 20780 6828 Unauthorized: /api/auth/login
ERROR 2026-08-10 12:50:19,628 views 20780 6828 Registration validation failed: {'email': [ErrorDetail(string='A user with this email already exists.', code='invalid')]}
WARNING 2026-08-10 12:50:19,629 log 20780 6828 Bad Request: /api/auth/register
ERROR 2026-08-10 12:50:19,634 views 20780 6828 Registration validation failed: {'email': [ErrorDetail(string='Enter a valid email address.', code='invalid')]}
WARNING 2026-08-10 12:50:19,635 log 20780 6828 Bad Request: /api/auth/register
ERROR 2026-08-10 12:50:19,642 views 20780 6828 Registration validation failed: {'confirm_password': [ErrorDetail(string='Passwords do not match.', code='invalid')]}
WARNING 2026-08-10 12:50:19,644 log 20780 6828 Bad Request: /api/auth/register
INFO 2026-08-10 12:50:21,393 verification 20780 6828 Mock verification for National ID: 12-3****
WARNING 2026-08-10 12:50:21,395 log 20780 6828 Bad Request: /api/auth/verify-id
WARNING 2026-08-10 12:50:22,020 log 20780 6828 Bad Request: /api/auth/verify-id
INFO 2026-08-10 12:50:22,577 verification 20780 6828 Mock verification for National ID: 12-3****
WARNING 2026-08-10 12:50:23,221 log 20780 6828 Bad Request: /api/auth/verify-address
INFO 2026-08-10 12:50:26,702 verification 20780 6828 Mock verification for National ID: 12-3****
ERROR 2026-08-10 12:50:26,704 verification 20780 6828 Nominatim geocoding failed: Network error
INFO 2026-08-10 12:52:09,981 autoreload 22296 2748 C:\Users\Tavonga\Documents\Projects\NeighbourShare\backend\transactions\serializers.py changed, reloading.
INFO 2026-08-10 12:52:16,752 autoreload 10888 22884 Watching for file changes with StatReloader
INFO 2026-08-10 12:53:07,833 tasks 17076 21320 Revealed rating 04cc496a-dac7-4d9e-acf1-c9b1a474810a after delay.
INFO 2026-08-10 12:53:08,044 trace 17076 21320 Task transactions.tasks.reveal_rating_after_delay[73a890bc-c117-490b-b4aa-052aaf688cbb] succeeded in 0.21799999999348074s: None
WARNING 2026-08-10 12:54:50,207 log 13076 17924 Unauthorized: /api/items/
WARNING 2026-08-10 12:55:02,714 log 13076 17924 Bad Request: /api/items/search/
WARNING 2026-08-10 12:55:06,281 log 13076 17924 Forbidden: /api/items/5a9ea925-92f6-4d39-8cba-2300e1d7d1f7/
WARNING 2026-08-10 12:55:15,748 log 13076 17924 Bad Request: /api/transactions/borrow-request
INFO 2026-08-10 12:55:18,479 tasks 13076 17924 Transaction 869a56a6-635e-4a8c-9f8e-e33ef6b4f061 flagged for admin review
INFO 2026-08-10 12:55:18,835 trace 13076 17924 Task transactions.tasks.flag_for_admin_review[40272288-b93f-43d5-b65d-33083b1555c9] succeeded in 0.35999999998603016s: None
INFO 2026-08-10 12:55:20,174 qr 13076 17924 Generated QR token for transaction 495bc74c-083d-4346-b167-34009a7a57d4
INFO 2026-08-10 12:55:21,411 tasks 13076 17924 Revealed rating cd96a017-4e40-44e3-8ba2-c0f1b2ae40da after delay.
INFO 2026-08-10 12:55:21,413 trace 13076 17924 Task transactions.tasks.reveal_rating_after_delay[e4f81f05-5fde-4d5d-8030-fd9e324a3842] succeeded in 0.0s: None
INFO 2026-08-10 12:55:22,633 qr 13076 17924 Generated QR token for transaction b0f1038b-a384-4d90-9ec1-72a8e61027de
INFO 2026-08-10 12:55:27,426 qr 13076 17924 Generated QR token for transaction 14fffb0d-8f74-4060-b8e0-2c63195c12c2
INFO 2026-08-10 12:55:27,427 qr 13076 17924 Verified QR token for transaction 14fffb0d-8f74-4060-b8e0-2c63195c12c2
WARNING 2026-08-10 12:55:27,428 qr 13076 17924 Invalid signature for token: 14fffb0d-8f74-4060-b...
INFO 2026-08-10 12:55:28,758 qr 13076 17924 Generated QR token for transaction 91b18d6d-4012-4e78-a6ae-caf03cb08ed0
INFO 2026-08-10 12:55:28,760 qr 13076 17924 Generated QR token for transaction 91b18d6d-4012-4e78-a6ae-caf03cb08ed0
INFO 2026-08-10 12:55:28,761 qr 13076 17924 Verified QR token for transaction 91b18d6d-4012-4e78-a6ae-caf03cb08ed0
INFO 2026-08-10 12:55:28,763 qr 13076 17924 Verified QR token for transaction 91b18d6d-4012-4e78-a6ae-caf03cb08ed0
INFO 2026-08-10 12:55:30,028 qr 13076 17924 Generated QR token for transaction 2600b5de-ae3c-40a3-8426-88e9a6346f49
INFO 2026-08-10 12:55:31,211 qr 13076 17924 Generated QR token for transaction ef1e75ea-5732-4dc8-829d-26d0bd912c1a
INFO 2026-08-10 12:55:32,370 qr 13076 17924 Generated QR token for transaction a608c4f0-7ca5-47e3-8c10-dc256933256e
INFO 2026-08-10 12:55:33,570 qr 13076 17924 Generated QR token for transaction 2675b8ab-7dd2-4ca7-9d1e-904905a4161b
WARNING 2026-08-10 12:55:34,759 qr 13076 17924 Invalid token format: ...
INFO 2026-08-10 12:55:35,934 qr 13076 17924 Generated QR token for transaction b07440e9-b33e-4849-a0c4-2d11e416f20c
WARNING 2026-08-10 12:55:35,935 qr 13076 17924 Token not found or expired: b07440e9-b33e-4849-a...
WARNING 2026-08-10 12:55:37,146 qr 13076 17924 Invalid token format: invalid:token:format...
INFO 2026-08-10 12:55:38,385 qr 13076 17924 Generated QR token for transaction 3a8e9442-5eb1-49ba-9e7e-7ca4bd67501d
INFO 2026-08-10 12:55:38,387 qr 13076 17924 Verified QR token for transaction 3a8e9442-5eb1-49ba-9e7e-7ca4bd67501d
WARNING 2026-08-10 12:55:38,388 qr 13076 17924 Token replay attempt: 3a8e9442-5eb1-49ba-9...
INFO 2026-08-10 12:55:39,756 qr 13076 17924 Generated QR token for transaction bd46aa5a-45fc-4098-9313-1af16270668e
WARNING 2026-08-10 12:55:39,757 qr 13076 17924 Invalid signature for token: bd46aa5a-45fc-4098-9...
INFO 2026-08-10 12:55:40,944 qr 13076 17924 Generated QR token for transaction 28815199-23e4-485b-bc67-e7afd04dcee0
INFO 2026-08-10 12:55:40,945 qr 13076 17924 Verified QR token for transaction 28815199-23e4-485b-bc67-e7afd04dcee0
INFO 2026-08-10 12:55:42,126 qr 13076 17924 Generated QR token for transaction 7d83ecea-810e-44cb-93f2-061a23a53e69
WARNING 2026-08-10 12:55:42,127 qr 13076 17924 Invalid signature for token: wrong-id:1786359342:...
INFO 2026-08-10 12:55:43,324 tasks 13076 17924 Transaction a5a5625a-13d5-4157-8f4a-aa2101286075 flagged for admin review
INFO 2026-08-10 12:55:43,325 trace 13076 17924 Task transactions.tasks.flag_for_admin_review[2df7b2a0-48fb-4d68-b669-f453007074a2] succeeded in 0.01600000000325963s: None
INFO 2026-08-10 12:55:46,988 tasks 13076 17924 Transaction 1829316c-1507-412e-a341-cbfe30e14c69 flagged for admin review
INFO 2026-08-10 12:55:46,990 trace 13076 17924 Task transactions.tasks.flag_for_admin_review[7b727d09-252b-4e21-915b-8d7a6d696555] succeeded in 0.0s: None
INFO 2026-08-10 12:55:53,101 tasks 13076 17924 Time credits awarded for transaction c27aeff3-597e-40c7-81ca-852dcff9d060
INFO 2026-08-10 12:55:53,102 trace 13076 17924 Task transactions.tasks.award_time_credits[1396e7e4-6f2c-4f5f-80a3-140ae7a7a662] succeeded in 0.0s: None
INFO 2026-08-10 12:56:02,464 tasks 13076 17924 Transaction ffba5e84-570d-4de5-92ca-029749f1ec75 flagged for admin review
INFO 2026-08-10 12:56:02,466 trace 13076 17924 Task transactions.tasks.flag_for_admin_review[834d1176-7535-47b4-835e-7f00a1288efc] succeeded in 0.015000000013969839s: None
INFO 2026-08-10 12:56:04,836 tasks 13076 17924 Time credits awarded for transaction de572e82-b9c3-4f42-a063-d54ddb66b4e4
INFO 2026-08-10 12:56:04,837 trace 13076 17924 Task transactions.tasks.award_time_credits[a5c157fa-8ef4-4120-acb8-d0ebd3ef03f8] succeeded in 0.0s: None
INFO 2026-08-10 12:56:06,005 tasks 13076 17924 Transaction 66dd6099-35ee-4661-b6c1-a3abfc5a2a83 flagged for admin review
INFO 2026-08-10 12:56:06,007 trace 13076 17924 Task transactions.tasks.flag_for_admin_review[4c9e1c11-9d11-4841-ab0f-467916c18a6c] succeeded in 0.0s: None
INFO 2026-08-10 12:56:10,044 tasks 13076 17924 Transaction 5b96dd58-2f6f-4d42-8d7a-4cc64d7f642c flagged for admin review
INFO 2026-08-10 12:56:10,045 trace 13076 17924 Task transactions.tasks.flag_for_admin_review[7a21fa73-99df-418b-97c8-7d0f64395b68] succeeded in 0.015000000013969839s: None
WARNING 2026-08-10 12:56:12,549 log 13076 17924 Forbidden: /api/auth/login
WARNING 2026-08-10 12:56:14,996 log 13076 17924 Unauthorized: /api/auth/login
ERROR 2026-08-10 12:56:18,390 views 13076 17924 Registration validation failed: {'email': [ErrorDetail(string='A user with this email already exists.', code='invalid')]}
WARNING 2026-08-10 12:56:18,392 log 13076 17924 Bad Request: /api/auth/register
ERROR 2026-08-10 12:56:18,398 views 13076 17924 Registration validation failed: {'email': [ErrorDetail(string='Enter a valid email address.', code='invalid')]}
WARNING 2026-08-10 12:56:18,399 log 13076 17924 Bad Request: /api/auth/register
ERROR 2026-08-10 12:56:18,407 views 13076 17924 Registration validation failed: {'confirm_password': [ErrorDetail(string='Passwords do not match.', code='invalid')]}
WARNING 2026-08-10 12:56:18,409 log 13076 17924 Bad Request: /api/auth/register
INFO 2026-08-10 12:56:20,630 verification 13076 17924 Mock verification for National ID: 12-3****
WARNING 2026-08-10 12:56:20,632 log 13076 17924 Bad Request: /api/auth/verify-id
WARNING 2026-08-10 12:56:21,215 log 13076 17924 Bad Request: /api/auth/verify-id
INFO 2026-08-10 12:56:21,812 verification 13076 17924 Mock verification for National ID: 12-3****
WARNING 2026-08-10 12:56:22,420 log 13076 17924 Bad Request: /api/auth/verify-address
INFO 2026-08-10 12:56:26,041 verification 13076 17924 Mock verification for National ID: 12-3****
ERROR 2026-08-10 12:56:26,044 verification 13076 17924 Nominatim geocoding failed: Network error
INFO 2026-08-10 12:57:16,376 basehttp 17396 10108 "GET /api/items/search/?lat=-17.7833&lng=31.05&radius_km=10&sort=newest HTTP/1.1" 200 1540
INFO 2026-08-10 12:57:16,402 basehttp 17396 10108 "GET /api/items/search/?lat=-17.7833&lng=31.05&radius_km=10&sort=newest HTTP/1.1" 200 1540
INFO 2026-08-10 12:57:17,773 basehttp 17396 20984 "GET /media/items/2026/07/WhatsApp_Image_2026-07-20_at_13.25.34.jpg HTTP/1.1" 200 52397
INFO 2026-08-10 12:57:22,872 basehttp 17396 22512 "GET /api/items/search/?lat=-17.7833&lng=31.05&radius_km=5&sort=distance HTTP/1.1" 200 127
INFO 2026-08-10 12:57:22,891 basehttp 17396 22512 "GET /api/items/search/?lat=-17.7833&lng=31.05&radius_km=5&sort=distance HTTP/1.1" 200 127
INFO 2026-08-10 12:57:33,094 basehttp 17396 22512 "GET /api/items/search/?lat=-17.7833&lng=31.05&radius_km=5&sort=distance HTTP/1.1" 200 127
INFO 2026-08-10 12:57:33,121 basehttp 17396 22512 "GET /api/items/search/?lat=-17.7833&lng=31.05&radius_km=5&sort=distance HTTP/1.1" 200 127
INFO 2026-08-10 12:57:55,862 basehttp 17396 22512 "GET /api/items/search/?lat=-17.7833&lng=31.05&radius_km=10&sort=distance HTTP/1.1" 200 1540
INFO 2026-08-10 12:58:18,535 basehttp 17396 22512 "GET /api/items/search/?lat=-17.7833&lng=31.05&radius_km=10&sort=newest HTTP/1.1" 200 1540
INFO 2026-08-10 12:58:18,569 basehttp 17396 22512 "GET /api/items/search/?lat=-17.7833&lng=31.05&radius_km=10&sort=newest HTTP/1.1" 200 1540
INFO 2026-08-10 12:58:29,403 basehttp 17396 22512 "GET /api/items/search?lat=-17.7833&lng=31.05&radius_km=5&category=electronics&q=laptop&sort=distance HTTP/1.1" 301 0
INFO 2026-08-10 12:58:29,729 basehttp 17396 21460 "GET /api/items/search/?lat=-17.7833&lng=31.05&radius_km=5&category=electronics&q=laptop&sort=distance HTTP/1.1" 200 127
INFO 2026-08-10 12:58:29,749 basehttp 17396 21460 "GET /api/items/search/?lat=-17.7833&lng=31.05&radius_km=5&category=electronics&q=laptop&sort=distance HTTP/1.1" 200 127
INFO 2026-08-10 12:58:36,716 basehttp 17396 21460 "GET /api/items/search?lat=-17.7833&lng=31.05&radius_km=10&category=electronics&q=laptop&sort=distance HTTP/1.1" 301 0
INFO 2026-08-10 12:58:36,740 basehttp 17396 22136 "GET /api/items/search/?lat=-17.7833&lng=31.05&radius_km=10&category=electronics&q=laptop&sort=distance HTTP/1.1" 200 1540
INFO 2026-08-10 12:59:32,235 basehttp 17396 22136 "GET /api/items/search/?lat=-17.7833&lng=31.05&radius_km=10&category=electronics&q=laptop&sort=distance HTTP/1.1" 200 1540
INFO 2026-08-10 13:00:27,023 basehttp 17396 22136 "GET /api/items/search/?lat=-17.7833&lng=31.05&radius_km=5&sort=distance HTTP/1.1" 200 127
INFO 2026-08-10 13:00:27,049 basehttp 17396 22136 "GET /api/items/search/?lat=-17.7833&lng=31.05&radius_km=5&sort=distance HTTP/1.1" 200 127
INFO 2026-08-10 13:15:20,703 basehttp 17396 17652 "GET /api/items/search?lat=-17.7833&lng=31.05&radius_km=5&sort=distance HTTP/1.1" 301 0
INFO 2026-08-10 13:15:20,927 basehttp 17396 21836 "GET /api/items/search/?lat=-17.7833&lng=31.05&radius_km=5&sort=distance HTTP/1.1" 200 127
INFO 2026-08-10 13:15:20,954 basehttp 17396 21836 "GET /api/items/search/?lat=-17.7833&lng=31.05&radius_km=5&sort=distance HTTP/1.1" 200 127
INFO 2026-08-10 13:42:38,512 basehttp 17396 21640 "GET /api/items/search/?lat=-17.7833&lng=31.05&radius_km=10&sort=newest HTTP/1.1" 200 1540
INFO 2026-08-10 13:42:38,536 basehttp 17396 21640 "GET /api/items/search/?lat=-17.7833&lng=31.05&radius_km=10&sort=newest HTTP/1.1" 200 1540
INFO 2026-08-10 13:43:09,618 basehttp 17396 21640 "GET /api/items/search/?lat=-17.7833&lng=31.05&radius_km=5&sort=distance HTTP/1.1" 200 127
INFO 2026-08-10 13:43:09,645 basehttp 17396 21640 "GET /api/items/search/?lat=-17.7833&lng=31.05&radius_km=5&sort=distance HTTP/1.1" 200 127
INFO 2026-08-10 13:43:17,318 basehttp 17396 21640 "GET /api/items/search/?lat=-17.7833&lng=31.05&radius_km=10&sort=newest HTTP/1.1" 200 1540
INFO 2026-08-10 13:43:17,368 basehttp 17396 21640 "GET /api/items/search/?lat=-17.7833&lng=31.05&radius_km=10&sort=newest HTTP/1.1" 200 1540
INFO 2026-08-10 13:43:34,246 basehttp 17396 21640 "GET /api/items/search/?lat=-17.7833&lng=31.05&radius_km=10&sort=newest HTTP/1.1" 200 1540
INFO 2026-08-10 13:43:34,278 basehttp 17396 21640 "GET /api/items/search/?lat=-17.7833&lng=31.05&radius_km=10&sort=newest HTTP/1.1" 200 1540
WARNING 2026-08-15 11:08:04,878 log 13752 3088 Forbidden: /api/auth/login
WARNING 2026-08-15 11:08:10,847 log 13752 3088 Unauthorized: /api/auth/login
WARNING 2026-08-15 11:08:15,322 log 13752 3088 Bad Request: /api/auth/resend-verification
ERROR 2026-08-15 11:08:16,225 views 13752 3088 Registration validation failed: {'email': [ErrorDetail(string='A user with this email already exists.', code='invalid')]}
WARNING 2026-08-15 11:08:16,226 log 13752 3088 Bad Request: /api/auth/register
ERROR 2026-08-15 11:08:16,236 views 13752 3088 Registration validation failed: {'email': [ErrorDetail(string='Enter a valid email address.', code='invalid')]}
WARNING 2026-08-15 11:08:16,238 log 13752 3088 Bad Request: /api/auth/register
ERROR 2026-08-15 11:08:16,246 views 13752 3088 Registration validation failed: {'confirm_password': [ErrorDetail(string='Passwords do not match.', code='invalid')]}
WARNING 2026-08-15 11:08:16,250 log 13752 3088 Bad Request: /api/auth/register
INFO 2026-08-15 11:08:17,211 email_verify 13752 3088 Verification email sent to john@example.com (code 174224)
INFO 2026-08-15 11:08:18,141 email_verify 13752 3088 Verification email sent to john@example.com (code 019764)
WARNING 2026-08-15 11:08:18,970 log 13752 3088 Bad Request: /api/auth/verify-id
INFO 2026-08-15 11:08:20,565 verification 13752 3088 Mock verification for National ID: 12-3****
WARNING 2026-08-15 11:08:20,568 log 13752 3088 Bad Request: /api/auth/verify-id
WARNING 2026-08-15 11:08:21,491 log 13752 3088 Bad Request: /api/auth/verify-id
INFO 2026-08-15 11:08:22,551 verification 13752 3088 Mock verification for National ID: 12-3****
WARNING 2026-08-15 11:08:23,694 log 13752 3088 Bad Request: /api/auth/verify-address
WARNING 2026-08-15 11:08:25,852 log 13752 3088 Bad Request: /api/auth/verify-email
WARNING 2026-08-15 11:08:26,914 log 13752 3088 Bad Request: /api/auth/verify-email
INFO 2026-08-15 11:08:31,441 verification 13752 3088 Mock verification for National ID: 12-3****
ERROR 2026-08-15 11:08:31,446 verification 13752 3088 Nominatim geocoding failed: Network error
WARNING 2026-08-15 11:08:55,854 log 16484 1092 Bad Request: /api/auth/resend-verification
ERROR 2026-08-15 11:08:56,662 views 16484 1092 Registration validation failed: {'email': [ErrorDetail(string='A user with this email already exists.', code='invalid')]}
WARNING 2026-08-15 11:08:56,663 log 16484 1092 Bad Request: /api/auth/register
ERROR 2026-08-15 11:08:56,669 views 16484 1092 Registration validation failed: {'email': [ErrorDetail(string='Enter a valid email address.', code='invalid')]}
WARNING 2026-08-15 11:08:56,673 log 16484 1092 Bad Request: /api/auth/register
ERROR 2026-08-15 11:08:56,679 views 16484 1092 Registration validation failed: {'confirm_password': [ErrorDetail(string='Passwords do not match.', code='invalid')]}
WARNING 2026-08-15 11:08:56,682 log 16484 1092 Bad Request: /api/auth/register
INFO 2026-08-15 11:08:57,485 email_verify 16484 1092 Verification email sent to john@example.com (code 819747)
INFO 2026-08-15 11:08:58,260 email_verify 16484 1092 Verification email sent to john@example.com (code 989839)
WARNING 2026-08-15 11:08:59,042 log 16484 1092 Bad Request: /api/auth/verify-id
INFO 2026-08-15 11:09:00,569 verification 16484 1092 Mock verification for National ID: 12-3****
WARNING 2026-08-15 11:09:00,573 log 16484 1092 Bad Request: /api/auth/verify-id
WARNING 2026-08-15 11:09:01,456 log 16484 1092 Bad Request: /api/auth/verify-id
INFO 2026-08-15 11:09:02,352 verification 16484 1092 Mock verification for National ID: 12-3****
WARNING 2026-08-15 11:09:03,278 log 16484 1092 Bad Request: /api/auth/verify-address
WARNING 2026-08-15 11:09:05,195 log 16484 1092 Bad Request: /api/auth/verify-email
WARNING 2026-08-15 11:09:06,029 log 16484 1092 Bad Request: /api/auth/verify-email
WARNING 2026-08-15 11:09:35,751 log 648 1892 Forbidden: /api/auth/login
WARNING 2026-08-15 11:09:38,740 log 648 1892 Unauthorized: /api/auth/login
INFO 2026-08-15 11:09:42,712 email_verify 648 1892 Verification email sent to r@example.com (code 491791)
ERROR 2026-08-15 11:09:43,429 views 648 1892 Registration validation failed: {'email': [ErrorDetail(string='A user with this email already exists.', code='invalid')]}
WARNING 2026-08-15 11:09:43,432 log 648 1892 Bad Request: /api/auth/register
ERROR 2026-08-15 11:09:43,439 views 648 1892 Registration validation failed: {'email': [ErrorDetail(string='Enter a valid email address.', code='invalid')]}
WARNING 2026-08-15 11:09:43,440 log 648 1892 Bad Request: /api/auth/register
ERROR 2026-08-15 11:09:43,447 views 648 1892 Registration validation failed: {'confirm_password': [ErrorDetail(string='Passwords do not match.', code='invalid')]}
WARNING 2026-08-15 11:09:43,448 log 648 1892 Bad Request: /api/auth/register
INFO 2026-08-15 11:09:44,195 email_verify 648 1892 Verification email sent to john@example.com (code 215382)
INFO 2026-08-15 11:09:44,918 email_verify 648 1892 Verification email sent to john@example.com (code 690197)
WARNING 2026-08-15 11:09:45,693 log 648 1892 Bad Request: /api/auth/verify-id
INFO 2026-08-15 11:09:47,327 verification 648 1892 Mock verification for National ID: 12-3****
WARNING 2026-08-15 11:09:47,329 log 648 1892 Bad Request: /api/auth/verify-id
WARNING 2026-08-15 11:09:47,996 log 648 1892 Bad Request: /api/auth/verify-id
INFO 2026-08-15 11:09:48,712 verification 648 1892 Mock verification for National ID: 12-3****
WARNING 2026-08-15 11:09:49,451 log 648 1892 Bad Request: /api/auth/verify-address
WARNING 2026-08-15 11:09:51,868 log 648 1892 Bad Request: /api/auth/verify-email
INFO 2026-08-15 11:09:55,488 verification 648 1892 Mock verification for National ID: 12-3****
ERROR 2026-08-15 11:09:55,491 verification 648 1892 Nominatim geocoding failed: Network error
WARNING 2026-08-15 11:13:37,114 log 3944 18680 Bad Request: /api/transactions/borrow-request
INFO 2026-08-15 11:13:42,547 tasks 3944 18680 Transaction bc94436f-ab0c-424a-abd9-57fe46cc8d65 flagged for admin review
INFO 2026-08-15 11:13:42,909 trace 3944 18680 Task transactions.tasks.flag_for_admin_review[d21e86b9-1a05-435a-ba1d-c2f1d2a7f11b] succeeded in 0.35900000000037835s: None
INFO 2026-08-15 11:13:44,619 qr 3944 18680 Generated QR token for transaction 529354db-d660-441d-ade7-01bfee139703
INFO 2026-08-15 11:13:44,635 qr 3944 18680 Verified QR token for transaction 529354db-d660-441d-ade7-01bfee139703
INFO 2026-08-15 11:13:44,688 qr 3944 18680 Verified QR token for transaction 529354db-d660-441d-ade7-01bfee139703
INFO 2026-08-15 11:13:44,855 qr 3944 18680 Generated QR token for transaction 529354db-d660-441d-ade7-01bfee139703
INFO 2026-08-15 11:13:44,894 qr 3944 18680 Verified QR token for transaction 529354db-d660-441d-ade7-01bfee139703
INFO 2026-08-15 11:13:44,979 qr 3944 18680 Verified QR token for transaction 529354db-d660-441d-ade7-01bfee139703
INFO 2026-08-15 11:13:45,137 tasks 3944 18680 Time credits awarded for transaction 529354db-d660-441d-ade7-01bfee139703
INFO 2026-08-15 11:13:45,140 trace 3944 18680 Task transactions.tasks.award_time_credits[05e494ea-94fc-4605-83a0-1f3fc61aa95c] succeeded in 0.031000000000858563s: None
INFO 2026-08-15 11:13:47,674 qr 3944 18680 Generated QR token for transaction a44b02cc-84a3-4ecb-aa4f-495ec62c1a82
INFO 2026-08-15 11:13:49,735 tasks 3944 18680 Revealed rating 46f58831-1028-4971-a984-347ed506dbb9 after delay.
INFO 2026-08-15 11:13:49,737 trace 3944 18680 Task transactions.tasks.reveal_rating_after_delay[a3bc0cfb-bc99-4382-a5d7-8ac4d39d39fa] succeeded in 0.0s: None
INFO 2026-08-15 11:13:51,737 qr 3944 18680 Generated QR token for transaction ad952210-2db3-4f48-a97d-f3f440cdf68e
INFO 2026-08-15 11:13:51,763 qr 3944 18680 Verified QR token for transaction ad952210-2db3-4f48-a97d-f3f440cdf68e
INFO 2026-08-15 11:13:51,807 qr 3944 18680 Verified QR token for transaction ad952210-2db3-4f48-a97d-f3f440cdf68e
INFO 2026-08-15 11:13:53,525 qr 3944 18680 Generated QR token for transaction 3770dc10-2a33-4f89-b330-752fae1a73fe
INFO 2026-08-15 11:13:53,542 qr 3944 18680 Verified QR token for transaction 3770dc10-2a33-4f89-b330-752fae1a73fe
WARNING 2026-08-15 11:13:53,577 qr 3944 18680 Token replay by user 1: 3770dc10-2a33-4f89-b...
WARNING 2026-08-15 11:13:53,579 log 3944 18680 Bad Request: /api/transactions/3770dc10-2a33-4f89-b330-752fae1a73fe/scan-qr/
INFO 2026-08-15 11:13:59,827 qr 3944 18680 Generated QR token for transaction ae739b61-c37f-42d9-ae41-8852f6b1f20b
INFO 2026-08-15 11:13:59,828 qr 3944 18680 Verified QR token for transaction ae739b61-c37f-42d9-ae41-8852f6b1f20b
WARNING 2026-08-15 11:13:59,831 qr 3944 18680 Invalid signature for token: ae739b61-c37f-42d9-a...
INFO 2026-08-15 11:14:01,921 qr 3944 18680 Generated QR token for transaction fe2f9c76-d865-4169-a9cb-6dc97c923e8e
INFO 2026-08-15 11:14:01,924 qr 3944 18680 Generated QR token for transaction fe2f9c76-d865-4169-a9cb-6dc97c923e8e
INFO 2026-08-15 11:14:01,925 qr 3944 18680 Verified QR token for transaction fe2f9c76-d865-4169-a9cb-6dc97c923e8e
INFO 2026-08-15 11:14:01,926 qr 3944 18680 Verified QR token for transaction fe2f9c76-d865-4169-a9cb-6dc97c923e8e
INFO 2026-08-15 11:14:04,111 qr 3944 18680 Generated QR token for transaction 4c11a1ae-e908-4046-95a3-cd9b633d973c
INFO 2026-08-15 11:14:07,919 qr 3944 18680 Generated QR token for transaction 0014462a-c168-4c4f-91aa-03324378a14d
INFO 2026-08-15 11:14:09,566 qr 3944 18680 Generated QR token for transaction 88f28b64-eb36-430a-acdd-266a8be9424e
INFO 2026-08-15 11:14:09,571 qr 3944 18680 Verified QR token for transaction 88f28b64-eb36-430a-acdd-266a8be9424e
WARNING 2026-08-15 11:14:09,575 qr 3944 18680 Token replay by user 1: 88f28b64-eb36-430a-a...
INFO 2026-08-15 11:14:11,438 qr 3944 18680 Generated QR token for transaction 0fd4d8c1-0041-465e-9ab2-dbf04f8d403d
INFO 2026-08-15 11:14:11,440 qr 3944 18680 Verified QR token for transaction 0fd4d8c1-0041-465e-9ab2-dbf04f8d403d
INFO 2026-08-15 11:14:11,442 qr 3944 18680 Verified QR token for transaction 0fd4d8c1-0041-465e-9ab2-dbf04f8d403d
INFO 2026-08-15 11:14:13,276 qr 3944 18680 Generated QR token for transaction acf4f51d-5c0d-4c5d-aa95-a61b9f5dcc1a
INFO 2026-08-15 11:14:13,278 qr 3944 18680 Verified QR token for transaction acf4f51d-5c0d-4c5d-aa95-a61b9f5dcc1a
WARNING 2026-08-15 11:14:13,280 qr 3944 18680 Token replay attempt: acf4f51d-5c0d-4c5d-a...
INFO 2026-08-15 11:14:14,969 qr 3944 18680 Generated QR token for transaction 658a0142-207c-45bb-bf4f-bba2a2c6f935
INFO 2026-08-15 11:14:14,970 qr 3944 18680 Verified QR token for transaction 658a0142-207c-45bb-bf4f-bba2a2c6f935
INFO 2026-08-15 11:14:14,971 qr 3944 18680 Verified QR token for transaction 658a0142-207c-45bb-bf4f-bba2a2c6f935
INFO 2026-08-15 11:14:15,798 qr 3944 18680 Verified QR token for transaction 658a0142-207c-45bb-bf4f-bba2a2c6f935
INFO 2026-08-15 11:14:17,490 qr 3944 18680 Generated QR token for transaction 51c4a3d2-94ca-4f60-bae1-73b59a4f9d17
INFO 2026-08-15 11:14:19,069 qr 3944 18680 Generated QR token for transaction cff6275d-90e3-4faf-86e5-84ac8799f9ab
INFO 2026-08-15 11:14:20,638 qr 3944 18680 Generated QR token for transaction 01e7aafe-5ee7-4128-85a1-790142815f63
WARNING 2026-08-15 11:14:22,487 qr 3944 18680 Invalid token format: ...
INFO 2026-08-15 11:14:24,042 qr 3944 18680 Generated QR token for transaction b9538a64-d1c4-4604-bbf6-43bde6653ee5
WARNING 2026-08-15 11:14:24,044 qr 3944 18680 Token not found or expired: b9538a64-d1c4-4604-b...
WARNING 2026-08-15 11:14:25,578 qr 3944 18680 Invalid token format: invalid:token:format...
INFO 2026-08-15 11:14:27,170 qr 3944 18680 Generated QR token for transaction a37ecde8-40fa-4ce0-b6ba-963f767a64a6
WARNING 2026-08-15 11:14:27,171 qr 3944 18680 Invalid signature for token: a37ecde8-40fa-4ce0-b...
INFO 2026-08-15 11:14:28,769 qr 3944 18680 Generated QR token for transaction 9b75811b-67d5-4239-a446-1d7e0485e6d5
INFO 2026-08-15 11:14:28,771 qr 3944 18680 Verified QR token for transaction 9b75811b-67d5-4239-a446-1d7e0485e6d5
INFO 2026-08-15 11:14:30,310 qr 3944 18680 Generated QR token for transaction d7d537d6-16a6-4567-898d-668fe5b3ea4d
WARNING 2026-08-15 11:14:30,312 qr 3944 18680 Invalid signature for token: wrong-id:1786785270:...
INFO 2026-08-15 11:14:32,398 tasks 3944 18680 Transaction 2e38400b-a1ca-4603-aa8d-0d55b0038982 flagged for admin review
INFO 2026-08-15 11:14:32,400 trace 3944 18680 Task transactions.tasks.flag_for_admin_review[4013198e-bdef-4a24-8e6a-e5f86413a7c8] succeeded in 0.01599999999962165s: None
INFO 2026-08-15 11:14:37,596 tasks 3944 18680 Transaction 3d8a9b42-eb92-4537-b9e4-1017afdb41b9 flagged for admin review
INFO 2026-08-15 11:14:37,597 trace 3944 18680 Task transactions.tasks.flag_for_admin_review[09139c5f-0a07-4962-af8e-c26e79471d71] succeeded in 0.0s: None
INFO 2026-08-15 11:14:45,703 tasks 3944 18680 Time credits awarded for transaction aca81efb-bb0d-41ae-a253-b8663f1b6083
INFO 2026-08-15 11:14:45,705 trace 3944 18680 Task transactions.tasks.award_time_credits[5b9b289c-0797-4fc5-aca2-10c661464019] succeeded in 0.01599999999962165s: None
INFO 2026-08-15 11:14:57,068 tasks 3944 18680 Transaction 426ddda6-f989-4d79-bcd9-a47fccb0b547 flagged for admin review
INFO 2026-08-15 11:14:57,069 trace 3944 18680 Task transactions.tasks.flag_for_admin_review[f064d0f5-f93a-4c62-8a01-9edeea5d5917] succeeded in 0.01599999999962165s: None
INFO 2026-08-15 11:15:00,167 tasks 3944 18680 Time credits awarded for transaction b6e992bf-b165-48c3-b21d-d4ebf2885c43
INFO 2026-08-15 11:15:00,169 trace 3944 18680 Task transactions.tasks.award_time_credits[3d3cf58c-5b34-4f3b-8218-106dde37cb66] succeeded in 0.01599999999962165s: None
INFO 2026-08-15 11:15:02,147 tasks 3944 18680 Transaction 89896696-eeb4-4898-97e7-699fbbb43748 flagged for admin review
INFO 2026-08-15 11:15:02,148 trace 3944 18680 Task transactions.tasks.flag_for_admin_review[13c5e5a7-db9a-4c98-92b6-d4747ca24ff1] succeeded in 0.01599999999962165s: None
INFO 2026-08-15 11:15:07,464 tasks 3944 18680 Transaction 490845a7-c4e8-493b-819f-ef1d0c838614 flagged for admin review
INFO 2026-08-15 11:15:07,466 trace 3944 18680 Task transactions.tasks.flag_for_admin_review[34619535-7f0e-46b7-b849-1ad4579eba0d] succeeded in 0.0s: None
INFO 2026-08-15 11:15:30,166 qr 12808 17704 Generated QR token for transaction 67386992-0df2-4d28-85b9-2b5ce87b5516
INFO 2026-08-15 11:15:30,168 qr 12808 17704 Verified QR token for transaction 67386992-0df2-4d28-85b9-2b5ce87b5516
INFO 2026-08-15 11:15:30,169 qr 12808 17704 Verified QR token for transaction 67386992-0df2-4d28-85b9-2b5ce87b5516
INFO 2026-08-15 11:15:30,988 qr 12808 17704 Verified QR token for transaction 67386992-0df2-4d28-85b9-2b5ce87b5516
WARNING 2026-08-15 11:16:12,465 log 2600 17764 Bad Request: /api/transactions/borrow-request
INFO 2026-08-15 11:16:16,042 tasks 2600 17764 Transaction eaa0e83a-c4d1-4a34-bf96-eb3bbbda8412 flagged for admin review
INFO 2026-08-15 11:16:16,374 trace 2600 17764 Task transactions.tasks.flag_for_admin_review[337cb86e-dd8e-42a9-a11c-f15ac4a26ac2] succeeded in 0.3280000000013388s: None
INFO 2026-08-15 11:16:18,424 qr 2600 17764 Generated QR token for transaction d819612d-b202-4c47-b069-1f05681e5e6d
INFO 2026-08-15 11:16:18,444 qr 2600 17764 Verified QR token for transaction d819612d-b202-4c47-b069-1f05681e5e6d
INFO 2026-08-15 11:16:18,484 qr 2600 17764 Verified QR token for transaction d819612d-b202-4c47-b069-1f05681e5e6d
INFO 2026-08-15 11:16:18,527 qr 2600 17764 Generated QR token for transaction d819612d-b202-4c47-b069-1f05681e5e6d
INFO 2026-08-15 11:16:18,549 qr 2600 17764 Verified QR token for transaction d819612d-b202-4c47-b069-1f05681e5e6d
INFO 2026-08-15 11:16:18,596 qr 2600 17764 Verified QR token for transaction d819612d-b202-4c47-b069-1f05681e5e6d
INFO 2026-08-15 11:16:18,647 tasks 2600 17764 Time credits awarded for transaction d819612d-b202-4c47-b069-1f05681e5e6d
INFO 2026-08-15 11:16:18,648 trace 2600 17764 Task transactions.tasks.award_time_credits[182e1f78-c898-4cec-9e98-700e7c7d835a] succeeded in 0.01599999999962165s: None
INFO 2026-08-15 11:16:20,276 qr 2600 17764 Generated QR token for transaction 0bdc607b-de7b-4be5-be15-7a4956208a52
INFO 2026-08-15 11:16:22,066 tasks 2600 17764 Revealed rating 320c7d1f-a669-45b1-b67e-af37ba43f714 after delay.
INFO 2026-08-15 11:16:22,067 trace 2600 17764 Task transactions.tasks.reveal_rating_after_delay[8852aa33-39ee-4687-8ec2-1fcc58b0194f] succeeded in 0.0s: None
INFO 2026-08-15 11:16:23,717 qr 2600 17764 Generated QR token for transaction 7557cdc8-59b9-4b13-9b50-0484ddc60ef8
INFO 2026-08-15 11:16:23,734 qr 2600 17764 Verified QR token for transaction 7557cdc8-59b9-4b13-9b50-0484ddc60ef8
INFO 2026-08-15 11:16:23,784 qr 2600 17764 Verified QR token for transaction 7557cdc8-59b9-4b13-9b50-0484ddc60ef8
INFO 2026-08-15 11:16:25,313 qr 2600 17764 Generated QR token for transaction 1d7ad41d-c145-4de0-9617-3e5234075434
INFO 2026-08-15 11:16:25,334 qr 2600 17764 Verified QR token for transaction 1d7ad41d-c145-4de0-9617-3e5234075434
WARNING 2026-08-15 11:16:25,383 qr 2600 17764 Token replay by user 1: 1d7ad41d-c145-4de0-9...
WARNING 2026-08-15 11:16:25,384 log 2600 17764 Bad Request: /api/transactions/1d7ad41d-c145-4de0-9617-3e5234075434/scan-qr/
INFO 2026-08-15 11:16:32,649 qr 2600 17764 Generated QR token for transaction 8f5b096d-366d-4acb-9ce7-e899a69d047c
INFO 2026-08-15 11:16:32,651 qr 2600 17764 Verified QR token for transaction 8f5b096d-366d-4acb-9ce7-e899a69d047c
WARNING 2026-08-15 11:16:32,652 qr 2600 17764 Invalid signature for token: 8f5b096d-366d-4acb-9...
INFO 2026-08-15 11:16:34,737 qr 2600 17764 Generated QR token for transaction 2e5237e0-1ddc-4564-b26d-72e3988500e6
INFO 2026-08-15 11:16:34,740 qr 2600 17764 Generated QR token for transaction 2e5237e0-1ddc-4564-b26d-72e3988500e6
INFO 2026-08-15 11:16:34,742 qr 2600 17764 Verified QR token for transaction 2e5237e0-1ddc-4564-b26d-72e3988500e6
INFO 2026-08-15 11:16:34,743 qr 2600 17764 Verified QR token for transaction 2e5237e0-1ddc-4564-b26d-72e3988500e6
INFO 2026-08-15 11:16:36,394 qr 2600 17764 Generated QR token for transaction acf5920a-8507-4c1d-8e05-cf1250b3088d
INFO 2026-08-15 11:16:39,588 qr 2600 17764 Generated QR token for transaction b7f07d64-2574-432a-a5a2-7357777a6a20
INFO 2026-08-15 11:16:41,137 qr 2600 17764 Generated QR token for transaction aa5c2d47-35ac-4a86-ad25-9ae6db7dac1e
INFO 2026-08-15 11:16:41,138 qr 2600 17764 Verified QR token for transaction aa5c2d47-35ac-4a86-ad25-9ae6db7dac1e
WARNING 2026-08-15 11:16:41,140 qr 2600 17764 Token replay by user 1: aa5c2d47-35ac-4a86-a...
INFO 2026-08-15 11:16:42,982 qr 2600 17764 Generated QR token for transaction 0e4a76a1-f179-4746-a09c-69e7e034a135
INFO 2026-08-15 11:16:42,983 qr 2600 17764 Verified QR token for transaction 0e4a76a1-f179-4746-a09c-69e7e034a135
INFO 2026-08-15 11:16:42,985 qr 2600 17764 Verified QR token for transaction 0e4a76a1-f179-4746-a09c-69e7e034a135
INFO 2026-08-15 11:16:44,536 qr 2600 17764 Generated QR token for transaction 82a76c94-f3e1-4f49-803c-ef96f1bfbb44
INFO 2026-08-15 11:16:44,538 qr 2600 17764 Verified QR token for transaction 82a76c94-f3e1-4f49-803c-ef96f1bfbb44
WARNING 2026-08-15 11:16:44,539 qr 2600 17764 Token replay attempt: 82a76c94-f3e1-4f49-8...
INFO 2026-08-15 11:16:46,105 qr 2600 17764 Generated QR token for transaction 20496811-556d-4956-bb22-c1039e9575da
INFO 2026-08-15 11:16:46,107 qr 2600 17764 Verified QR token for transaction 20496811-556d-4956-bb22-c1039e9575da
INFO 2026-08-15 11:16:46,108 qr 2600 17764 Verified QR token for transaction 20496811-556d-4956-bb22-c1039e9575da
WARNING 2026-08-15 11:16:46,963 qr 2600 17764 Token exhausted: 20496811-556d-4956-b...
INFO 2026-08-15 11:16:48,857 qr 2600 17764 Generated QR token for transaction 638fba9a-b4de-47a0-974f-f75838d277d0
INFO 2026-08-15 11:16:50,525 qr 2600 17764 Generated QR token for transaction 51038f25-04ed-43e7-8a32-3f542a153d40
INFO 2026-08-15 11:16:52,413 qr 2600 17764 Generated QR token for transaction 713b2bd8-bf57-4120-8787-8e0f31715907
WARNING 2026-08-15 11:16:53,980 qr 2600 17764 Invalid token format: ...
INFO 2026-08-15 11:16:55,758 qr 2600 17764 Generated QR token for transaction 2735d436-daad-4c8c-a49b-54eb42dbed47
WARNING 2026-08-15 11:16:55,760 qr 2600 17764 Token not found or expired: 2735d436-daad-4c8c-a...
WARNING 2026-08-15 11:16:57,573 qr 2600 17764 Invalid token format: invalid:token:format...
INFO 2026-08-15 11:16:59,312 qr 2600 17764 Generated QR token for transaction 149805a6-447f-4004-9d42-10380f6850e9
WARNING 2026-08-15 11:16:59,314 qr 2600 17764 Invalid signature for token: 149805a6-447f-4004-9...
INFO 2026-08-15 11:17:01,191 qr 2600 17764 Generated QR token for transaction 6e4ad6a9-994d-401a-bade-931c98c32b3d
INFO 2026-08-15 11:17:01,193 qr 2600 17764 Verified QR token for transaction 6e4ad6a9-994d-401a-bade-931c98c32b3d
INFO 2026-08-15 11:17:03,620 qr 2600 17764 Generated QR token for transaction fa4553a6-4076-4d8b-88a5-d29ee3e36835
WARNING 2026-08-15 11:17:03,621 qr 2600 17764 Invalid signature for token: wrong-id:1786785423:...
INFO 2026-08-15 11:17:05,787 tasks 2600 17764 Transaction d25ccd84-c70f-4088-b8b1-c45cedbfd5c7 flagged for admin review
INFO 2026-08-15 11:17:05,789 trace 2600 17764 Task transactions.tasks.flag_for_admin_review[029edcfd-79e0-4803-99d0-e04a1e723ca2] succeeded in 0.01599999999962165s: None
INFO 2026-08-15 11:17:10,915 tasks 2600 17764 Transaction ba35916a-2937-4659-b54b-a482ff77561c flagged for admin review
INFO 2026-08-15 11:17:10,916 trace 2600 17764 Task transactions.tasks.flag_for_admin_review[45fd6b51-786f-479e-94c7-1328319fa7c4] succeeded in 0.0s: None
INFO 2026-08-15 11:17:19,434 tasks 2600 17764 Time credits awarded for transaction fb5a9cb6-49da-4e7d-974d-768b4016b0be
INFO 2026-08-15 11:17:19,436 trace 2600 17764 Task transactions.tasks.award_time_credits[3daf4b98-4d18-40d8-9b45-485951026c3f] succeeded in 0.015000000001236913s: None
INFO 2026-08-15 11:17:30,857 tasks 2600 17764 Transaction 4eb5a6ae-49f0-4364-b094-9dd25f76da6b flagged for admin review
INFO 2026-08-15 11:17:30,858 trace 2600 17764 Task transactions.tasks.flag_for_admin_review[fd65516a-c05b-44d9-a102-395098373048] succeeded in 0.0s: None
INFO 2026-08-15 11:17:34,777 tasks 2600 17764 Time credits awarded for transaction fd2c9974-2e51-4acf-8b38-a885fceeb3a6
INFO 2026-08-15 11:17:34,779 trace 2600 17764 Task transactions.tasks.award_time_credits[f1b40f53-75bb-48a9-973d-fce6d5b3937d] succeeded in 0.01599999999962165s: None
INFO 2026-08-15 11:17:36,401 tasks 2600 17764 Transaction 4c1965f0-539e-4fe5-ae31-778676f25d9d flagged for admin review
INFO 2026-08-15 11:17:36,403 trace 2600 17764 Task transactions.tasks.flag_for_admin_review[ca9c2b6a-687d-4890-90f4-9d0ce77ebfb4] succeeded in 0.0s: None
INFO 2026-08-15 11:17:41,435 tasks 2600 17764 Transaction 594b850f-5c6d-4d01-9e5f-ed91167af3e7 flagged for admin review
INFO 2026-08-15 11:17:41,438 trace 2600 17764 Task transactions.tasks.flag_for_admin_review[8a1a8435-8caf-4c6d-8132-6c21c984ffdc] succeeded in 0.0s: None
WARNING 2026-08-15 11:21:39,240 log 19308 8308 Unauthorized: /api/items/
WARNING 2026-08-15 11:21:56,202 log 19308 8308 Bad Request: /api/items/search/
WARNING 2026-08-15 11:22:01,398 log 19308 8308 Forbidden: /api/items/98350508-9fc4-4c84-98db-314dbbd5545c/
WARNING 2026-08-15 11:22:16,730 log 19308 8308 Bad Request: /api/transactions/borrow-request
INFO 2026-08-15 11:22:20,830 tasks 19308 8308 Transaction 92019d04-f9ca-4bc8-9009-9436d0959858 flagged for admin review
INFO 2026-08-15 11:22:21,058 trace 19308 8308 Task transactions.tasks.flag_for_admin_review[dc8328ad-bcd5-4f73-8ec4-3fe19367c8a4] succeeded in 0.23400000000037835s: None
INFO 2026-08-15 11:22:22,994 qr 19308 8308 Generated QR token for transaction be30afb0-8d01-4874-b60e-7c462768f379
INFO 2026-08-15 11:22:23,012 qr 19308 8308 Verified QR token for transaction be30afb0-8d01-4874-b60e-7c462768f379
INFO 2026-08-15 11:22:23,047 qr 19308 8308 Verified QR token for transaction be30afb0-8d01-4874-b60e-7c462768f379
INFO 2026-08-15 11:22:23,084 qr 19308 8308 Generated QR token for transaction be30afb0-8d01-4874-b60e-7c462768f379
INFO 2026-08-15 11:22:23,102 qr 19308 8308 Verified QR token for transaction be30afb0-8d01-4874-b60e-7c462768f379
INFO 2026-08-15 11:22:23,154 qr 19308 8308 Verified QR token for transaction be30afb0-8d01-4874-b60e-7c462768f379
INFO 2026-08-15 11:22:23,204 tasks 19308 8308 Time credits awarded for transaction be30afb0-8d01-4874-b60e-7c462768f379
INFO 2026-08-15 11:22:23,206 trace 19308 8308 Task transactions.tasks.award_time_credits[a7ec3167-baff-47f0-a93c-22c1f5aa7e0b] succeeded in 0.0s: None
INFO 2026-08-15 11:22:24,908 qr 19308 8308 Generated QR token for transaction 86c35c29-3bce-4176-b408-4535a04f61c4
INFO 2026-08-15 11:22:26,435 tasks 19308 8308 Revealed rating 570acdac-f8fb-4b7f-a083-c7586cbc6102 after delay.
INFO 2026-08-15 11:22:26,436 trace 19308 8308 Task transactions.tasks.reveal_rating_after_delay[78de63f7-5a51-4713-8527-27e05209f29e] succeeded in 0.0s: None
INFO 2026-08-15 11:22:28,094 qr 19308 8308 Generated QR token for transaction b0d29ce5-42c3-4f7b-a040-81dfa439a0d1
INFO 2026-08-15 11:22:28,112 qr 19308 8308 Verified QR token for transaction b0d29ce5-42c3-4f7b-a040-81dfa439a0d1
INFO 2026-08-15 11:22:28,153 qr 19308 8308 Verified QR token for transaction b0d29ce5-42c3-4f7b-a040-81dfa439a0d1
INFO 2026-08-15 11:22:29,740 qr 19308 8308 Generated QR token for transaction be8ec3de-2d7b-40e5-a1bb-22f59a33f8a4
INFO 2026-08-15 11:22:29,756 qr 19308 8308 Verified QR token for transaction be8ec3de-2d7b-40e5-a1bb-22f59a33f8a4
WARNING 2026-08-15 11:22:29,800 qr 19308 8308 Token replay by user 1: be8ec3de-2d7b-40e5-a...
WARNING 2026-08-15 11:22:29,802 log 19308 8308 Bad Request: /api/transactions/be8ec3de-2d7b-40e5-a1bb-22f59a33f8a4/scan-qr/
INFO 2026-08-15 11:22:37,073 qr 19308 8308 Generated QR token for transaction 1ee58f51-5035-404e-b855-1422e010da86
INFO 2026-08-15 11:22:37,076 qr 19308 8308 Verified QR token for transaction 1ee58f51-5035-404e-b855-1422e010da86
WARNING 2026-08-15 11:22:37,078 qr 19308 8308 Invalid signature for token: 1ee58f51-5035-404e-b...
INFO 2026-08-15 11:22:38,835 qr 19308 8308 Generated QR token for transaction 9d5cbe9d-519d-47a8-ae33-736d99a1e162
INFO 2026-08-15 11:22:38,837 qr 19308 8308 Generated QR token for transaction 9d5cbe9d-519d-47a8-ae33-736d99a1e162
INFO 2026-08-15 11:22:38,838 qr 19308 8308 Verified QR token for transaction 9d5cbe9d-519d-47a8-ae33-736d99a1e162
INFO 2026-08-15 11:22:38,840 qr 19308 8308 Verified QR token for transaction 9d5cbe9d-519d-47a8-ae33-736d99a1e162
INFO 2026-08-15 11:22:40,586 qr 19308 8308 Generated QR token for transaction 4dd8b407-9838-4492-8292-687a384046de
INFO 2026-08-15 11:22:44,007 qr 19308 8308 Generated QR token for transaction 1d0e7134-75fa-4350-9959-da904101718d
INFO 2026-08-15 11:22:45,572 qr 19308 8308 Generated QR token for transaction 3e81ddee-fc09-4519-a5d4-55455990e422
INFO 2026-08-15 11:22:45,573 qr 19308 8308 Verified QR token for transaction 3e81ddee-fc09-4519-a5d4-55455990e422
WARNING 2026-08-15 11:22:45,575 qr 19308 8308 Token replay by user 1: 3e81ddee-fc09-4519-a...
INFO 2026-08-15 11:22:47,128 qr 19308 8308 Generated QR token for transaction d104b2e5-081d-477a-9a3c-1fecd3905d1c
INFO 2026-08-15 11:22:47,130 qr 19308 8308 Verified QR token for transaction d104b2e5-081d-477a-9a3c-1fecd3905d1c
INFO 2026-08-15 11:22:47,131 qr 19308 8308 Verified QR token for transaction d104b2e5-081d-477a-9a3c-1fecd3905d1c
INFO 2026-08-15 11:22:48,738 qr 19308 8308 Generated QR token for transaction a5f5fa18-6388-4248-8de3-d1d7ffbd5a64
INFO 2026-08-15 11:22:48,740 qr 19308 8308 Verified QR token for transaction a5f5fa18-6388-4248-8de3-d1d7ffbd5a64
WARNING 2026-08-15 11:22:48,742 qr 19308 8308 Token replay attempt: a5f5fa18-6388-4248-8...
INFO 2026-08-15 11:22:50,281 qr 19308 8308 Generated QR token for transaction 70c14aa6-9d44-4bbe-86cd-0fcd4041340d
INFO 2026-08-15 11:22:50,283 qr 19308 8308 Verified QR token for transaction 70c14aa6-9d44-4bbe-86cd-0fcd4041340d
INFO 2026-08-15 11:22:50,284 qr 19308 8308 Verified QR token for transaction 70c14aa6-9d44-4bbe-86cd-0fcd4041340d
WARNING 2026-08-15 11:22:51,065 qr 19308 8308 Token exhausted: 70c14aa6-9d44-4bbe-8...
INFO 2026-08-15 11:22:52,952 qr 19308 8308 Generated QR token for transaction 99abfc1e-2376-402d-8937-b8e6aab7c86e
INFO 2026-08-15 11:22:54,818 qr 19308 8308 Generated QR token for transaction a53ef9c2-cce9-4733-88e5-cb68abe49485
INFO 2026-08-15 11:22:56,530 qr 19308 8308 Generated QR token for transaction 0e4a8983-8701-44d1-a299-4066a5fea975
WARNING 2026-08-15 11:22:58,237 qr 19308 8308 Invalid token format: ...
INFO 2026-08-15 11:22:59,772 qr 19308 8308 Generated QR token for transaction 2edfcae0-1f71-4959-9318-e18bec47c6bc
WARNING 2026-08-15 11:22:59,774 qr 19308 8308 Token not found or expired: 2edfcae0-1f71-4959-9...
WARNING 2026-08-15 11:23:01,483 qr 19308 8308 Invalid token format: invalid:token:format...
INFO 2026-08-15 11:23:03,498 qr 19308 8308 Generated QR token for transaction 2dde1517-1a2c-4d4c-b3a1-9eed0dc18bce
WARNING 2026-08-15 11:23:03,500 qr 19308 8308 Invalid signature for token: 2dde1517-1a2c-4d4c-b...
INFO 2026-08-15 11:23:05,444 qr 19308 8308 Generated QR token for transaction af67a0ed-a2ad-4692-ba67-dcf26a1a6bf3
INFO 2026-08-15 11:23:05,445 qr 19308 8308 Verified QR token for transaction af67a0ed-a2ad-4692-ba67-dcf26a1a6bf3
INFO 2026-08-15 11:23:07,004 qr 19308 8308 Generated QR token for transaction 85925ab7-e486-47a0-8284-1b01d92cda12
WARNING 2026-08-15 11:23:07,005 qr 19308 8308 Invalid signature for token: wrong-id:1786785787:...
INFO 2026-08-15 11:23:08,713 tasks 19308 8308 Transaction c822cbe8-9a0b-472c-8bbc-c4ddc96dab77 flagged for admin review
INFO 2026-08-15 11:23:08,714 trace 19308 8308 Task transactions.tasks.flag_for_admin_review[16f404b4-ac42-4a25-910e-d5d577458ac4] succeeded in 0.0s: None
INFO 2026-08-15 11:23:13,698 tasks 19308 8308 Transaction 8f868bad-b103-404e-ac74-8af042234902 flagged for admin review
INFO 2026-08-15 11:23:13,700 trace 19308 8308 Task transactions.tasks.flag_for_admin_review[319db63e-adb7-4e47-8672-f534e3bead50] succeeded in 0.0s: None
INFO 2026-08-15 11:23:21,483 tasks 19308 8308 Time credits awarded for transaction 15b3033b-d1d0-44b2-8613-7e4741b80f85
INFO 2026-08-15 11:23:21,484 trace 19308 8308 Task transactions.tasks.award_time_credits[00e11359-599f-4f8a-949f-b4fd3a03d526] succeeded in 0.014999999999417923s: None
INFO 2026-08-15 11:23:33,452 tasks 19308 8308 Transaction 4b00d400-ed23-49e5-af21-5ba87da911eb flagged for admin review
INFO 2026-08-15 11:23:33,455 trace 19308 8308 Task transactions.tasks.flag_for_admin_review[82eb6e48-303f-4ba7-ad8d-ea7dbd94cb00] succeeded in 0.01599999999962165s: None
INFO 2026-08-15 11:23:37,051 tasks 19308 8308 Time credits awarded for transaction f1ee6c04-cef1-4cdf-8dde-09d0e38a7edb
INFO 2026-08-15 11:23:37,053 trace 19308 8308 Task transactions.tasks.award_time_credits[c01d41c6-c338-4286-b164-52b460d3891e] succeeded in 0.015000000001236913s: None
INFO 2026-08-15 11:23:38,624 tasks 19308 8308 Transaction 68f08edb-082b-485a-bc39-62f3f8f7d677 flagged for admin review
INFO 2026-08-15 11:23:38,625 trace 19308 8308 Task transactions.tasks.flag_for_admin_review[f08ff0ae-b742-4199-a1ac-fb7346518126] succeeded in 0.0s: None
INFO 2026-08-15 11:23:43,833 tasks 19308 8308 Transaction 72d3cb63-5b48-4417-b6fd-520830052038 flagged for admin review
INFO 2026-08-15 11:23:43,835 trace 19308 8308 Task transactions.tasks.flag_for_admin_review[7fd044c2-5686-4493-b75f-c4a2e8e53a22] succeeded in 0.01599999999962165s: None
WARNING 2026-08-15 11:23:47,475 log 19308 8308 Forbidden: /api/auth/login
WARNING 2026-08-15 11:23:50,892 log 19308 8308 Unauthorized: /api/auth/login
INFO 2026-08-15 11:23:55,190 email_verify 19308 8308 Verification email sent to r@example.com (code 341562)
ERROR 2026-08-15 11:23:55,991 views 19308 8308 Registration validation failed: {'email': [ErrorDetail(string='A user with this email already exists.', code='invalid')]}
WARNING 2026-08-15 11:23:55,993 log 19308 8308 Bad Request: /api/auth/register
ERROR 2026-08-15 11:23:55,998 views 19308 8308 Registration validation failed: {'email': [ErrorDetail(string='Enter a valid email address.', code='invalid')]}
WARNING 2026-08-15 11:23:56,000 log 19308 8308 Bad Request: /api/auth/register
ERROR 2026-08-15 11:23:56,009 views 19308 8308 Registration validation failed: {'confirm_password': [ErrorDetail(string='Passwords do not match.', code='invalid')]}
WARNING 2026-08-15 11:23:56,011 log 19308 8308 Bad Request: /api/auth/register
INFO 2026-08-15 11:23:56,807 email_verify 19308 8308 Verification email sent to john@example.com (code 115303)
INFO 2026-08-15 11:23:57,631 email_verify 19308 8308 Verification email sent to john@example.com (code 415551)
WARNING 2026-08-15 11:23:58,507 log 19308 8308 Bad Request: /api/auth/verify-id
INFO 2026-08-15 11:24:00,061 verification 19308 8308 Mock verification for National ID: 12-3****
WARNING 2026-08-15 11:24:00,065 log 19308 8308 Bad Request: /api/auth/verify-id
WARNING 2026-08-15 11:24:00,851 log 19308 8308 Bad Request: /api/auth/verify-id
INFO 2026-08-15 11:24:01,879 verification 19308 8308 Mock verification for National ID: 12-3****
WARNING 2026-08-15 11:24:02,918 log 19308 8308 Bad Request: /api/auth/verify-address
WARNING 2026-08-15 11:24:05,721 log 19308 8308 Bad Request: /api/auth/verify-email
INFO 2026-08-15 11:24:09,623 verification 19308 8308 Mock verification for National ID: 12-3****
ERROR 2026-08-15 11:24:09,626 verification 19308 8308 Nominatim geocoding failed: Network error
INFO 2026-08-15 11:26:24,735 autoreload 14464 4940 Watching for file changes with StatReloader
INFO 2026-08-15 11:26:31,910 basehttp 14464 1924 "GET /api/health/ HTTP/1.1" 200 39
INFO 2026-08-15 11:27:09,059 basehttp 14464 2008 "GET /api/items/search?lat=-17.7833&lng=31.05&radius_km=10&sort=newest HTTP/1.1" 301 0
INFO 2026-08-15 11:27:13,882 basehttp 14464 18460 "GET /api/items/search/?lat=-17.7833&lng=31.05&radius_km=10&sort=newest HTTP/1.1" 200 936688
INFO 2026-08-15 11:27:16,543 basehttp 14464 18460 "GET /api/items/search/?lat=-17.7833&lng=31.05&radius_km=10&sort=newest HTTP/1.1" 200 936688
INFO 2026-08-15 11:27:26,356 basehttp 14464 17844 "GET /api/items/search/?lat=-17.7833&lng=31.05&radius_km=10&sort=newest HTTP/1.1" 200 936688
INFO 2026-08-15 11:27:29,538 basehttp 14464 17744 - Broken pipe from ('127.0.0.1', 61429)
INFO 2026-08-15 11:27:31,255 basehttp 14464 17844 "GET /api/items/search/?lat=-17.7833&lng=31.05&radius_km=5&sort=distance HTTP/1.1" 200 696690
INFO 2026-08-15 11:27:33,815 basehttp 14464 17844 "GET /api/items/search/?lat=-17.7833&lng=31.05&radius_km=5&sort=distance HTTP/1.1" 200 696690
INFO 2026-08-15 11:27:46,244 basehttp 14464 17844 "GET /api/items/search/?lat=-17.7833&lng=31.05&radius_km=10&sort=newest HTTP/1.1" 200 936688
INFO 2026-08-15 11:27:49,521 basehttp 14464 16316 "GET /api/items/search/?lat=-17.7833&lng=31.05&radius_km=10&sort=newest HTTP/1.1" 200 936688
INFO 2026-08-15 11:28:11,395 basehttp 14464 16316 "GET /api/items/search/?lat=-17.7833&lng=31.05&radius_km=5&sort=distance HTTP/1.1" 200 696690
INFO 2026-08-15 11:28:16,862 basehttp 14464 17844 "GET /api/items/search/?lat=-17.7833&lng=31.05&radius_km=5&sort=distance HTTP/1.1" 200 696690
INFO 2026-08-15 11:29:29,945 basehttp 14464 17844 "OPTIONS /api/auth/register HTTP/1.1" 200 0
INFO 2026-08-15 11:29:30,954 email_verify 14464 17844 Verification email sent to verifyuser@example.com (code 346160)
INFO 2026-08-15 11:29:30,959 basehttp 14464 17844 "POST /api/auth/register HTTP/1.1" 201 87
INFO 2026-08-15 11:29:55,210 basehttp 14464 17844 "OPTIONS /api/auth/verify-email HTTP/1.1" 200 0
INFO 2026-08-15 11:29:55,246 basehttp 14464 17844 "POST /api/auth/verify-email HTTP/1.1" 200 57
INFO 2026-08-15 11:30:49,668 basehttp 14464 17844 "OPTIONS /api/auth/login HTTP/1.1" 200 0
INFO 2026-08-15 11:30:50,888 basehttp 14464 17844 "POST /api/auth/login HTTP/1.1" 200 900
INFO 2026-08-15 11:30:51,081 basehttp 14464 17844 "OPTIONS /api/items/search?lat=-17.7833&lng=31.05&radius_km=10&sort=newest HTTP/1.1" 200 0
INFO 2026-08-15 11:30:51,083 basehttp 14464 16316 "OPTIONS /api/items/search?lat=-17.7833&lng=31.05&radius_km=10&sort=newest HTTP/1.1" 200 0
INFO 2026-08-15 11:30:51,096 basehttp 14464 16316 "OPTIONS /api/items/search/?lat=-17.7833&lng=31.05&radius_km=10&sort=newest HTTP/1.1" 200 0
INFO 2026-08-15 11:30:51,097 basehttp 14464 17844 "OPTIONS /api/items/search/?lat=-17.7833&lng=31.05&radius_km=10&sort=newest HTTP/1.1" 200 0
INFO 2026-08-15 11:30:54,430 basehttp 14464 17844 "GET /api/items/search/?lat=-17.7833&lng=31.05&radius_km=10&sort=newest HTTP/1.1" 200 937283
INFO 2026-08-15 11:30:55,031 basehttp 14464 17844 "OPTIONS /api/transactions/d011b088-30d1-449e-ac07-97e00500399f/ HTTP/1.1" 200 0
INFO 2026-08-15 11:30:55,045 basehttp 14464 17844 "OPTIONS /api/transactions/d011b088-30d1-449e-ac07-97e00500399f/ HTTP/1.1" 200 0
INFO 2026-08-15 11:30:55,455 basehttp 14464 17844 "GET /api/transactions/d011b088-30d1-449e-ac07-97e00500399f/ HTTP/1.1" 200 1772
INFO 2026-08-15 11:30:56,474 basehttp 14464 17844 "GET /api/transactions/d011b088-30d1-449e-ac07-97e00500399f/ HTTP/1.1" 200 1772
INFO 2026-08-15 11:30:58,533 basehttp 14464 16316 - Broken pipe from ('127.0.0.1', 61442)
INFO 2026-08-15 11:31:04,944 basehttp 14464 17844 "OPTIONS /api/transactions/d011b088-30d1-449e-ac07-97e00500399f/activate/ HTTP/1.1" 200 0
INFO 2026-08-15 11:31:05,039 basehttp 14464 17844 "POST /api/transactions/d011b088-30d1-449e-ac07-97e00500399f/activate/ HTTP/1.1" 200 1772
INFO 2026-08-15 11:31:05,113 basehttp 14464 17844 "GET /api/transactions/d011b088-30d1-449e-ac07-97e00500399f/ HTTP/1.1" 200 1993
INFO 2026-08-15 11:31:16,584 basehttp 14464 17844 "OPTIONS /api/transactions/d011b088-30d1-449e-ac07-97e00500399f/generate-qr/ HTTP/1.1" 200 0
INFO 2026-08-15 11:31:16,623 qr 14464 17844 Generated QR token for transaction d011b088-30d1-449e-ac07-97e00500399f
INFO 2026-08-15 11:31:16,627 basehttp 14464 17844 "POST /api/transactions/d011b088-30d1-449e-ac07-97e00500399f/generate-qr/ HTTP/1.1" 200 309
INFO 2026-08-15 11:31:27,229 basehttp 14464 17844 "OPTIONS /api/transactions/d011b088-30d1-449e-ac07-97e00500399f/scan-qr/ HTTP/1.1" 200 0
INFO 2026-08-15 11:31:27,262 qr 14464 17844 Verified QR token for transaction d011b088-30d1-449e-ac07-97e00500399f
INFO 2026-08-15 11:31:27,322 basehttp 14464 17844 "POST /api/transactions/d011b088-30d1-449e-ac07-97e00500399f/scan-qr/ HTTP/1.1" 200 1992
INFO 2026-08-15 11:31:27,394 basehttp 14464 17844 "GET /api/transactions/d011b088-30d1-449e-ac07-97e00500399f/ HTTP/1.1" 200 2153
INFO 2026-08-15 11:32:59,110 autoreload 14464 4940 C:\Users\Tavonga\Documents\Projects\NeighbourShare\backend\users\views.py changed, reloading.
INFO 2026-08-15 11:33:07,499 autoreload 8732 11412 Watching for file changes with StatReloader
INFO 2026-08-15 11:33:40,231 basehttp 8732 17876 "GET /api/items/search/?lat=-17.7833&lng=31.05&radius_km=10&sort=newest HTTP/1.1" 200 936688
WARNING 2026-08-15 11:33:57,382 log 16540 19300 Forbidden: /api/auth/login
WARNING 2026-08-15 11:34:00,920 log 16540 19300 Unauthorized: /api/auth/login
INFO 2026-08-15 11:34:05,691 email_verify 16540 19300 Verification email sent to r@example.com (code 985155)
ERROR 2026-08-15 11:34:06,528 views 16540 19300 Registration validation failed: {'email': [ErrorDetail(string='A user with this email already exists.', code='invalid')]}
WARNING 2026-08-15 11:34:06,531 log 16540 19300 Bad Request: /api/auth/register
ERROR 2026-08-15 11:34:06,539 views 16540 19300 Registration validation failed: {'email': [ErrorDetail(string='Enter a valid email address.', code='invalid')]}
WARNING 2026-08-15 11:34:06,541 log 16540 19300 Bad Request: /api/auth/register
ERROR 2026-08-15 11:34:06,550 views 16540 19300 Registration validation failed: {'confirm_password': [ErrorDetail(string='Passwords do not match.', code='invalid')]}
WARNING 2026-08-15 11:34:06,552 log 16540 19300 Bad Request: /api/auth/register
INFO 2026-08-15 11:34:07,430 email_verify 16540 19300 Verification email sent to john@example.com (code 654083)
INFO 2026-08-15 11:34:08,256 email_verify 16540 19300 Verification email sent to john@example.com (code 707870)
WARNING 2026-08-15 11:34:09,190 log 16540 19300 Bad Request: /api/auth/verify-id
INFO 2026-08-15 11:34:11,034 verification 16540 19300 Mock verification for National ID: 12-3****
WARNING 2026-08-15 11:34:11,039 log 16540 19300 Bad Request: /api/auth/verify-id
WARNING 2026-08-15 11:34:12,085 log 16540 19300 Bad Request: /api/auth/verify-id
INFO 2026-08-15 11:34:13,022 verification 16540 19300 Mock verification for National ID: 12-3****
WARNING 2026-08-15 11:34:13,960 log 16540 19300 Bad Request: /api/auth/verify-address
WARNING 2026-08-15 11:34:16,646 log 16540 19300 Bad Request: /api/auth/verify-email
INFO 2026-08-15 11:34:21,039 verification 16540 19300 Mock verification for National ID: 12-3****
ERROR 2026-08-15 11:34:21,043 verification 16540 19300 Nominatim geocoding failed: Network error
WARNING 2026-08-15 11:34:29,987 log 16540 19300 Bad Request: /api/transactions/borrow-request
INFO 2026-08-15 11:34:34,173 tasks 16540 19300 Transaction fb9aa26c-27e4-48db-853a-020137074baa flagged for admin review
INFO 2026-08-15 11:34:34,447 trace 16540 19300 Task transactions.tasks.flag_for_admin_review[0761df70-f90b-499b-9807-9c7e7df48035] succeeded in 0.28100000000085856s: None
INFO 2026-08-15 11:34:36,313 qr 16540 19300 Generated QR token for transaction 0c0c444d-a3e1-4a96-8bfb-7c59f2f19e91
INFO 2026-08-15 11:34:36,333 qr 16540 19300 Verified QR token for transaction 0c0c444d-a3e1-4a96-8bfb-7c59f2f19e91
INFO 2026-08-15 11:34:36,385 qr 16540 19300 Verified QR token for transaction 0c0c444d-a3e1-4a96-8bfb-7c59f2f19e91
INFO 2026-08-15 11:34:36,442 qr 16540 19300 Generated QR token for transaction 0c0c444d-a3e1-4a96-8bfb-7c59f2f19e91
INFO 2026-08-15 11:34:36,466 qr 16540 19300 Verified QR token for transaction 0c0c444d-a3e1-4a96-8bfb-7c59f2f19e91
INFO 2026-08-15 11:34:36,512 qr 16540 19300 Verified QR token for transaction 0c0c444d-a3e1-4a96-8bfb-7c59f2f19e91
INFO 2026-08-15 11:34:36,586 tasks 16540 19300 Time credits awarded for transaction 0c0c444d-a3e1-4a96-8bfb-7c59f2f19e91
INFO 2026-08-15 11:34:36,587 trace 16540 19300 Task transactions.tasks.award_time_credits[4fa717b3-6311-4b1b-a0bd-59678e597747] succeeded in 0.01599999999962165s: None
INFO 2026-08-15 11:34:38,439 qr 16540 19300 Generated QR token for transaction d59b4ea4-876b-49e3-8199-31e9e8ffc510
INFO 2026-08-15 11:34:40,385 tasks 16540 19300 Revealed rating 1b047dab-03a4-452e-a249-fb4c6bca5052 after delay.
INFO 2026-08-15 11:34:40,387 trace 16540 19300 Task transactions.tasks.reveal_rating_after_delay[74bb2a79-1ee8-44e8-a448-9011b44709cb] succeeded in 0.014999999999417923s: None
INFO 2026-08-15 11:34:42,486 qr 16540 19300 Generated QR token for transaction b92427c3-f43a-4dbc-bd4c-019ddcc0aac5
INFO 2026-08-15 11:34:42,509 qr 16540 19300 Verified QR token for transaction b92427c3-f43a-4dbc-bd4c-019ddcc0aac5
INFO 2026-08-15 11:34:42,557 qr 16540 19300 Verified QR token for transaction b92427c3-f43a-4dbc-bd4c-019ddcc0aac5
INFO 2026-08-15 11:34:44,499 qr 16540 19300 Generated QR token for transaction ea871e62-9c48-4f9b-bc05-5bf00e468472
INFO 2026-08-15 11:34:44,524 qr 16540 19300 Verified QR token for transaction ea871e62-9c48-4f9b-bc05-5bf00e468472
WARNING 2026-08-15 11:34:44,579 qr 16540 19300 Token replay by user 1: ea871e62-9c48-4f9b-b...
WARNING 2026-08-15 11:34:44,581 log 16540 19300 Bad Request: /api/transactions/ea871e62-9c48-4f9b-bc05-5bf00e468472/scan-qr/
INFO 2026-08-15 11:34:52,011 qr 16540 19300 Generated QR token for transaction b8705871-8670-41f3-994d-a02c23fc82a0
INFO 2026-08-15 11:34:52,014 qr 16540 19300 Verified QR token for transaction b8705871-8670-41f3-994d-a02c23fc82a0
WARNING 2026-08-15 11:34:52,016 qr 16540 19300 Invalid signature for token: b8705871-8670-41f3-9...
INFO 2026-08-15 11:34:53,982 qr 16540 19300 Generated QR token for transaction 7648e460-e15b-4a55-ad96-bcd72f8a93d3
INFO 2026-08-15 11:34:53,984 qr 16540 19300 Generated QR token for transaction 7648e460-e15b-4a55-ad96-bcd72f8a93d3
INFO 2026-08-15 11:34:53,986 qr 16540 19300 Verified QR token for transaction 7648e460-e15b-4a55-ad96-bcd72f8a93d3
INFO 2026-08-15 11:34:53,987 qr 16540 19300 Verified QR token for transaction 7648e460-e15b-4a55-ad96-bcd72f8a93d3
INFO 2026-08-15 11:34:55,876 qr 16540 19300 Generated QR token for transaction 6d5b3be4-1ade-4cca-b66a-b9e3f6b83511
INFO 2026-08-15 11:34:59,495 qr 16540 19300 Generated QR token for transaction 3be38243-1769-4454-a630-040322e787e2
INFO 2026-08-15 11:35:01,268 qr 16540 19300 Generated QR token for transaction 084d192f-c71a-4048-905f-daf7a8497c31
INFO 2026-08-15 11:35:01,270 qr 16540 19300 Verified QR token for transaction 084d192f-c71a-4048-905f-daf7a8497c31
WARNING 2026-08-15 11:35:01,273 qr 16540 19300 Token replay by user 1: 084d192f-c71a-4048-9...
INFO 2026-08-15 11:35:03,315 qr 16540 19300 Generated QR token for transaction 6806f236-97aa-4f8d-b49d-7440d34fedc9
INFO 2026-08-15 11:35:03,316 qr 16540 19300 Verified QR token for transaction 6806f236-97aa-4f8d-b49d-7440d34fedc9
INFO 2026-08-15 11:35:03,318 qr 16540 19300 Verified QR token for transaction 6806f236-97aa-4f8d-b49d-7440d34fedc9
INFO 2026-08-15 11:35:05,322 qr 16540 19300 Generated QR token for transaction 2ffe963f-9f40-4b97-b385-3319b012e04c
INFO 2026-08-15 11:35:05,324 qr 16540 19300 Verified QR token for transaction 2ffe963f-9f40-4b97-b385-3319b012e04c
WARNING 2026-08-15 11:35:05,327 qr 16540 19300 Token replay attempt: 2ffe963f-9f40-4b97-b...
INFO 2026-08-15 11:35:07,371 qr 16540 19300 Generated QR token for transaction 0ff676b1-e56e-4f8a-842a-a2fa1faee6f9
INFO 2026-08-15 11:35:07,373 qr 16540 19300 Verified QR token for transaction 0ff676b1-e56e-4f8a-842a-a2fa1faee6f9
INFO 2026-08-15 11:35:07,374 qr 16540 19300 Verified QR token for transaction 0ff676b1-e56e-4f8a-842a-a2fa1faee6f9
WARNING 2026-08-15 11:35:08,248 qr 16540 19300 Token exhausted: 0ff676b1-e56e-4f8a-8...
INFO 2026-08-15 11:35:10,235 qr 16540 19300 Generated QR token for transaction d3d56615-fcd8-4e4a-a79c-9f4d4e3937b5
INFO 2026-08-15 11:35:12,213 qr 16540 19300 Generated QR token for transaction 48589d05-249b-470f-a977-7b03be7ebb8e
INFO 2026-08-15 11:35:14,062 qr 16540 19300 Generated QR token for transaction b52e7d0a-22f9-4306-b1fc-865ca784ab7a
WARNING 2026-08-15 11:35:15,911 qr 16540 19300 Invalid token format: ...
INFO 2026-08-15 11:35:17,797 qr 16540 19300 Generated QR token for transaction 20ccd877-150d-4e11-a2d1-39abc730e385
WARNING 2026-08-15 11:35:17,799 qr 16540 19300 Token not found or expired: 20ccd877-150d-4e11-a...
WARNING 2026-08-15 11:35:19,659 qr 16540 19300 Invalid token format: invalid:token:format...
INFO 2026-08-15 11:35:21,586 qr 16540 19300 Generated QR token for transaction a3342b3a-c5ce-434d-9872-8e9fd2f45d8c
WARNING 2026-08-15 11:35:21,587 qr 16540 19300 Invalid signature for token: a3342b3a-c5ce-434d-9...
INFO 2026-08-15 11:35:23,605 qr 16540 19300 Generated QR token for transaction ba3d55c1-e928-4d80-a81d-74c506631762
INFO 2026-08-15 11:35:23,607 qr 16540 19300 Verified QR token for transaction ba3d55c1-e928-4d80-a81d-74c506631762
INFO 2026-08-15 11:35:25,451 qr 16540 19300 Generated QR token for transaction 23490d77-7887-4310-9abe-522b053efe84
WARNING 2026-08-15 11:35:25,453 qr 16540 19300 Invalid signature for token: wrong-id:1786786525:...
INFO 2026-08-15 11:35:27,246 tasks 16540 19300 Transaction f2cf0eb8-3357-4239-b5d0-6c1933ac6d49 flagged for admin review
INFO 2026-08-15 11:35:27,249 trace 16540 19300 Task transactions.tasks.flag_for_admin_review[32e22136-748c-4522-abfd-ed52b45cde2a] succeeded in 0.0s: None
INFO 2026-08-15 11:35:33,145 tasks 16540 19300 Transaction 3ac7caac-a261-47cc-8ae5-981ce4f646f0 flagged for admin review
INFO 2026-08-15 11:35:33,147 trace 16540 19300 Task transactions.tasks.flag_for_admin_review[2a7f005e-e5ad-4f1f-8c94-5052bf286c44] succeeded in 0.01599999999962165s: None
INFO 2026-08-15 11:35:42,744 tasks 16540 19300 Time credits awarded for transaction 3d1349e8-c503-462d-a973-b9519a0090ab
INFO 2026-08-15 11:35:42,745 trace 16540 19300 Task transactions.tasks.award_time_credits[92d4ccc3-1d8a-4f4e-9681-227ef2d0c7eb] succeeded in 0.01600000000144064s: None
INFO 2026-08-15 11:35:57,490 tasks 16540 19300 Transaction 6b784521-22e9-4b91-ad42-6a439968712c flagged for admin review
INFO 2026-08-15 11:35:57,492 trace 16540 19300 Task transactions.tasks.flag_for_admin_review[ae123d0a-2814-4f7d-9aa3-a931983846d5] succeeded in 0.01600000000144064s: None
INFO 2026-08-15 11:36:01,244 tasks 16540 19300 Time credits awarded for transaction f7de5bcd-155a-4e33-93c1-5dacee225ff2
INFO 2026-08-15 11:36:01,246 trace 16540 19300 Task transactions.tasks.award_time_credits[5b93b25d-b722-49d9-9c40-8b8d04eebb20] succeeded in 0.01600000000144064s: None
INFO 2026-08-15 11:36:03,264 tasks 16540 19300 Transaction c3e10cdd-cfdf-4547-991d-c6448e79e67d flagged for admin review
INFO 2026-08-15 11:36:03,265 trace 16540 19300 Task transactions.tasks.flag_for_admin_review[9d5c0aa7-2a19-446a-ae78-7b552ea435f4] succeeded in 0.0s: None
INFO 2026-08-15 11:36:09,317 tasks 16540 19300 Transaction e9b294d3-460a-420e-b207-62c7fbd45970 flagged for admin review
INFO 2026-08-15 11:36:09,318 trace 16540 19300 Task transactions.tasks.flag_for_admin_review[63893535-690f-4373-89d6-6afcdbe7329f] succeeded in 0.01599999999962165s: None
WARNING 2026-08-15 11:37:43,360 log 6972 18412 Unauthorized: /api/items/
WARNING 2026-08-15 11:38:01,787 log 6972 18412 Bad Request: /api/items/search/
WARNING 2026-08-15 11:38:07,131 log 6972 18412 Forbidden: /api/items/e2b47876-1a7c-4af5-9c19-67dab1471eab/
INFO 2026-08-15 12:21:56,848 basehttp 8732 18372 "GET /api/items/09a59741-281b-43a4-b535-ae0962f0a018/ HTTP/1.1" 200 852
INFO 2026-08-15 12:21:56,888 basehttp 8732 18372 "GET /api/items/09a59741-281b-43a4-b535-ae0962f0a018/ HTTP/1.1" 200 852
INFO 2026-08-15 12:22:12,789 basehttp 8732 18372 "GET /api/items/search/?lat=-17.7833&lng=31.05&radius_km=10&sort=newest HTTP/1.1" 200 936688
INFO 2026-08-15 12:22:12,816 basehttp 8732 17628 "GET /api/items/search?lat=-17.7833&lng=31.05&radius_km=5&sort=distance HTTP/1.1" 301 0
INFO 2026-08-15 12:22:16,290 basehttp 8732 18372 "GET /api/items/search/?lat=-17.7833&lng=31.05&radius_km=10&sort=newest HTTP/1.1" 200 936688
INFO 2026-08-15 12:22:19,129 basehttp 8732 14552 "GET /api/items/search/?lat=-17.7833&lng=31.05&radius_km=5&sort=distance HTTP/1.1" 200 696690
INFO 2026-08-15 12:22:19,133 basehttp 8732 18372 "GET /api/items/search?lat=-17.7833&lng=31.05&radius_km=5&category=garden_equipment&sort=distance HTTP/1.1" 301 0
INFO 2026-08-15 12:22:22,338 basehttp 8732 18660 "GET /api/items/search/?lat=-17.7833&lng=31.05&radius_km=5&sort=distance HTTP/1.1" 200 696690
INFO 2026-08-15 12:22:23,539 basehttp 8732 18660 "GET /api/items/search/?lat=-17.7833&lng=31.05&radius_km=5&category=garden_equipment&sort=distance HTTP/1.1" 200 39146
INFO 2026-08-15 12:22:27,019 basehttp 8732 14552 "GET /api/items/search/?lat=-17.7833&lng=31.05&radius_km=5&sort=distance HTTP/1.1" 200 696690
INFO 2026-08-15 12:22:31,328 basehttp 8732 18660 "GET /api/items/search/?lat=-17.7833&lng=31.05&radius_km=10&sort=newest HTTP/1.1" 200 936688
INFO 2026-08-15 12:22:35,198 basehttp 8732 14552 "GET /api/items/search/?lat=-17.7833&lng=31.05&radius_km=5&sort=distance HTTP/1.1" 200 696690
INFO 2026-08-15 12:22:37,301 basehttp 8732 18660 "GET /api/items/search/?lat=-17.7833&lng=31.05&radius_km=10&sort=newest HTTP/1.1" 200 936688
INFO 2026-08-15 12:22:39,409 basehttp 8732 16864 "GET /api/items/search/?lat=-17.7833&lng=31.05&radius_km=5&sort=distance HTTP/1.1" 200 696690
INFO 2026-08-15 12:27:07,610 basehttp 8732 16864 "GET /api/items/search?lat=-17.7833&lng=31.05&radius_km=5&category=musical_instruments&sort=distance HTTP/1.1" 301 0
INFO 2026-08-15 12:27:08,655 basehttp 8732 18660 "GET /api/items/search/?lat=-17.7833&lng=31.05&radius_km=5&category=musical_instruments&sort=distance HTTP/1.1" 200 38239
INFO 2026-08-15 13:12:01,767 basehttp 8732 8132 "GET /api/items/search/?lat=-17.7833&lng=31.05&radius_km=5&category=musical_instruments&sort=distance HTTP/1.1" 200 38239
INFO 2026-08-15 13:12:02,816 basehttp 8732 8132 "GET /api/items/search/?lat=-17.7833&lng=31.05&radius_km=5&category=musical_instruments&sort=distance HTTP/1.1" 200 38239
INFO 2026-08-15 15:44:52,852 basehttp 8732 12104 "GET /api/items/ HTTP/1.1" 200 17404
INFO 2026-08-15 15:44:59,915 basehttp 8732 8476 "OPTIONS /api/items/search?lat=-17.7833&lng=31.05&radius_km=10&sort=newest HTTP/1.1" 200 0
INFO 2026-08-15 15:44:59,916 basehttp 8732 19000 "OPTIONS /api/auth/refresh HTTP/1.1" 200 0
INFO 2026-08-15 15:44:59,917 basehttp 8732 18736 "OPTIONS /api/items/search?lat=-17.7833&lng=31.05&radius_km=10&sort=newest HTTP/1.1" 200 0
INFO 2026-08-15 15:44:59,917 basehttp 8732 2892 "OPTIONS /api/auth/refresh HTTP/1.1" 200 0
INFO 2026-08-15 15:44:59,931 basehttp 8732 8476 "OPTIONS /api/items/search/?lat=-17.7833&lng=31.05&radius_km=10&sort=newest HTTP/1.1" 200 0
INFO 2026-08-15 15:44:59,932 basehttp 8732 2892 "OPTIONS /api/items/search/?lat=-17.7833&lng=31.05&radius_km=10&sort=newest HTTP/1.1" 200 0
WARNING 2026-08-15 15:45:01,759 log 8732 19000 Unauthorized: /api/auth/refresh
WARNING 2026-08-15 15:45:01,761 log 8732 2892 Unauthorized: /api/items/search/
WARNING 2026-08-15 15:45:01,762 log 8732 18736 Unauthorized: /api/auth/refresh
WARNING 2026-08-15 15:45:01,764 basehttp 8732 19000 "POST /api/auth/refresh HTTP/1.1" 401 269
WARNING 2026-08-15 15:45:01,767 basehttp 8732 2892 "GET /api/items/search/?lat=-17.7833&lng=31.05&radius_km=10&sort=newest HTTP/1.1" 401 269
WARNING 2026-08-15 15:45:01,769 basehttp 8732 18736 "POST /api/auth/refresh HTTP/1.1" 401 269
WARNING 2026-08-15 15:45:01,774 log 8732 2892 Unauthorized: /api/items/search/
INFO 2026-08-15 15:45:01,780 basehttp 8732 18736 "OPTIONS /api/auth/refresh/ HTTP/1.1" 200 0
WARNING 2026-08-15 15:45:01,781 basehttp 8732 2892 "GET /api/items/search/?lat=-17.7833&lng=31.05&radius_km=10&sort=newest HTTP/1.1" 401 269
WARNING 2026-08-15 15:45:01,828 log 8732 18736 Not Found: /api/auth/refresh/
WARNING 2026-08-15 15:45:01,832 log 8732 2892 Not Found: /api/auth/refresh/
WARNING 2026-08-15 15:45:01,834 basehttp 8732 18736 "POST /api/auth/refresh/ HTTP/1.1" 404 4296
WARNING 2026-08-15 15:45:01,837 basehttp 8732 2892 "POST /api/auth/refresh/ HTTP/1.1" 404 4296
INFO 2026-08-15 15:45:16,613 basehttp 8732 2892 "GET /api/items/search/?lat=-17.7833&lng=31.05&radius_km=10 HTTP/1.1" 200 936688
INFO 2026-08-15 15:45:54,562 basehttp 8732 2892 "GET /api/items/search/?lat=-17.7833&lng=31.05&radius_km=10&sort=newest HTTP/1.1" 200 936688
INFO 2026-08-15 15:45:56,193 basehttp 8732 18736 "GET /api/items/search/?lat=-17.7833&lng=31.05&radius_km=10&sort=newest HTTP/1.1" 200 936688
INFO 2026-08-15 15:46:20,084 basehttp 8732 18736 "GET /api/items/search/?lat=-17.7833&lng=31.05&radius_km=5&sort=distance HTTP/1.1" 200 696690
INFO 2026-08-15 15:46:21,859 basehttp 8732 2892 "GET /api/items/search/?lat=-17.7833&lng=31.05&radius_km=5&sort=distance HTTP/1.1" 200 696690
INFO 2026-08-15 15:46:36,856 basehttp 8732 2892 "GET /api/items/f1d9c387-6cc8-4a16-9f1d-9d7ce79a8e18/ HTTP/1.1" 200 889
INFO 2026-08-15 15:46:36,876 basehttp 8732 2892 "GET /api/items/f1d9c387-6cc8-4a16-9f1d-9d7ce79a8e18/ HTTP/1.1" 200 889
INFO 2026-08-15 20:46:00,032 basehttp 8732 23476 "GET /api/items/f1d9c387-6cc8-4a16-9f1d-9d7ce79a8e18/ HTTP/1.1" 200 889
INFO 2026-08-15 20:46:00,082 basehttp 8732 23476 "GET /api/items/f1d9c387-6cc8-4a16-9f1d-9d7ce79a8e18/ HTTP/1.1" 200 889
INFO 2026-08-15 21:37:34,363 basehttp 8732 23012 "GET /api/items/search/?lat=-17.7833&lng=31.05&radius_km=5&sort=distance HTTP/1.1" 200 696690
INFO 2026-08-15 21:37:36,391 basehttp 8732 18344 "GET /api/items/search/?lat=-17.7833&lng=31.05&radius_km=5&sort=distance HTTP/1.1" 200 696690
INFO 2026-08-15 21:38:00,803 basehttp 8732 18344 "GET /api/items/search/?lat=-17.7833&lng=31.05&radius_km=10&sort=newest HTTP/1.1" 200 936688
INFO 2026-08-15 21:38:03,006 basehttp 8732 23012 "GET /api/items/search/?lat=-17.7833&lng=31.05&radius_km=10&sort=newest HTTP/1.1" 200 936688
INFO 2026-08-15 21:38:12,982 basehttp 8732 15960 "GET /api/items/search/?lat=-17.7833&lng=31.05&radius_km=10&sort=newest HTTP/1.1" 200 936688
INFO 2026-08-15 21:38:15,240 basehttp 8732 22480 "GET /api/items/search/?lat=-17.7833&lng=31.05&radius_km=10&sort=newest HTTP/1.1" 200 936688
INFO 2026-08-16 05:05:14,788 basehttp 8732 20920 "GET /api/items/search/?lat=-17.7833&lng=31.05&radius_km=10&sort=newest HTTP/1.1" 200 936688
INFO 2026-08-16 05:05:17,090 basehttp 8732 20720 "GET /api/items/search/?lat=-17.7833&lng=31.05&radius_km=10&sort=newest HTTP/1.1" 200 936688
